start_time,end_time,low_freq,high_freq,event,class,class_prob,det_prob,individual,input_file,Site name,Recover Folder,SD Card
47.3785,47.3918,25468.0,31237.0,Echolocation,Nyctalus leisleri,0.419,0.619,-1,/mnt/ubna_data_02/recover-20221017/UBNA_008/20221017_080000.WAV,Foliage,recover-20221017,008
47.6085,47.6224,25468.0,30329.0,Echolocation,Nyctalus leisleri,0.304,0.516,-1,/mnt/ubna_data_02/recover-20221017/UBNA_008/20221017_080000.WAV,Foliage,recover-20221017,008
47.8395,47.852199999999996,25468.0,30534.0,Echolocation,Nyctalus leisleri,0.456,0.663,-1,/mnt/ubna_data_02/recover-20221017/UBNA_008/20221017_080000.WAV,Foliage,recover-20221017,008
48.070499999999996,48.0838,26328.0,30378.0,Echolocation,Nyctalus leisleri,0.497,0.636,-1,/mnt/ubna_data_02/recover-20221017/UBNA_008/20221017_080000.WAV,Foliage,recover-20221017,008
48.542500000000004,48.557,25468.0,29539.0,Echolocation,Nyctalus leisleri,0.38,0.538,-1,/mnt/ubna_data_02/recover-20221017/UBNA_008/20221017_080000.WAV,Foliage,recover-20221017,008
49.4825,49.4991,25468.0,29262.0,Echolocation,Nyctalus leisleri,0.435,0.544,-1,/mnt/ubna_data_02/recover-20221017/UBNA_008/20221017_080000.WAV,Foliage,recover-20221017,008
49.707499999999996,49.7217,25468.0,29688.0,Echolocation,Nyctalus leisleri,0.565,0.662,-1,/mnt/ubna_data_02/recover-20221017/UBNA_008/20221017_080000.WAV,Foliage,recover-20221017,008
49.936499999999995,49.951899999999995,25468.0,28162.0,Echolocation,Nyctalus leisleri,0.49,0.595,-1,/mnt/ubna_data_02/recover-20221017/UBNA_008/20221017_080000.WAV,Foliage,recover-20221017,008
50.1785,50.1928,25468.0,28940.0,Echolocation,Nyctalus leisleri,0.641,0.744,-1,/mnt/ubna_data_02/recover-20221017/UBNA_008/20221017_080000.WAV,Foliage,recover-20221017,008
50.4215,50.4354,25468.0,28975.0,Echolocation,Nyctalus leisleri,0.5,0.614,-1,/mnt/ubna_data_02/recover-20221017/UBNA_008/20221017_080000.WAV,Foliage,recover-20221017,008
50.6495,50.664,25468.0,30018.0,Echolocation,Nyctalus leisleri,0.417,0.526,-1,/mnt/ubna_data_02/recover-20221017/UBNA_008/20221017_080000.WAV,Foliage,recover-20221017,008
50.8865,50.9007,24609.0,28824.0,Echolocation,Nyctalus leisleri,0.535,0.651,-1,/mnt/ubna_data_02/recover-20221017/UBNA_008/20221017_080000.WAV,Foliage,recover-20221017,008
51.1105,51.125299999999996,26328.0,30370.0,Echolocation,Nyctalus leisleri,0.46,0.557,-1,/mnt/ubna_data_02/recover-20221017/UBNA_008/20221017_080000.WAV,Foliage,recover-20221017,008
51.3365,51.351600000000005,26328.0,29379.0,Echolocation,Nyctalus leisleri,0.543,0.608,-1,/mnt/ubna_data_02/recover-20221017/UBNA_008/20221017_080000.WAV,Foliage,recover-20221017,008
51.5505,51.565,25468.0,30578.0,Echolocation,Nyctalus leisleri,0.388,0.556,-1,/mnt/ubna_data_02/recover-20221017/UBNA_008/20221017_080000.WAV,Foliage,recover-20221017,008
51.7785,51.7937,25468.0,29126.0,Echolocation,Nyctalus leisleri,0.529,0.607,-1,/mnt/ubna_data_02/recover-20221017/UBNA_008/20221017_080000.WAV,Foliage,recover-20221017,008
52.2485,52.2635,25468.0,29590.0,Echolocation,Nyctalus leisleri,0.486,0.6,-1,/mnt/ubna_data_02/recover-20221017/UBNA_008/20221017_080000.WAV,Foliage,recover-20221017,008
420.5245,420.5319,46093.0,53408.0,Echolocation,Pipistrellus pipistrellus,0.494,0.506,-1,/mnt/ubna_data_02/recover-20221017/UBNA_008/20221017_080000.WAV,Foliage,recover-20221017,008
420.7095,420.7169,46093.0,55904.0,Echolocation,Pipistrellus pipistrellus,0.548,0.576,-1,/mnt/ubna_data_02/recover-20221017/UBNA_008/20221017_080000.WAV,Foliage,recover-20221017,008
421.0315,421.0384,45234.0,56693.0,Echolocation,Pipistrellus pipistrellus,0.549,0.623,-1,/mnt/ubna_data_02/recover-20221017/UBNA_008/20221017_080000.WAV,Foliage,recover-20221017,008
421.3105,421.3171,47812.0,56958.0,Echolocation,Pipistrellus pipistrellus,0.562,0.593,-1,/mnt/ubna_data_02/recover-20221017/UBNA_008/20221017_080000.WAV,Foliage,recover-20221017,008
421.4095,421.4154,46093.0,57192.0,Echolocation,Pipistrellus pipistrellus,0.558,0.584,-1,/mnt/ubna_data_02/recover-20221017/UBNA_008/20221017_080000.WAV,Foliage,recover-20221017,008
421.5995,421.6055,45234.0,61316.0,Echolocation,Pipistrellus pipistrellus,0.581,0.665,-1,/mnt/ubna_data_02/recover-20221017/UBNA_008/20221017_080000.WAV,Foliage,recover-20221017,008
421.6945,421.7017,45234.0,61733.0,Echolocation,Pipistrellus pipistrellus,0.454,0.644,-1,/mnt/ubna_data_02/recover-20221017/UBNA_008/20221017_080000.WAV,Foliage,recover-20221017,008
421.8875,421.8974,44375.0,59831.0,Echolocation,Pipistrellus pipistrellus,0.47,0.573,-1,/mnt/ubna_data_02/recover-20221017/UBNA_008/20221017_080000.WAV,Foliage,recover-20221017,008
421.9845,421.9943,43515.0,61110.0,Echolocation,Pipistrellus pipistrellus,0.473,0.571,-1,/mnt/ubna_data_02/recover-20221017/UBNA_008/20221017_080000.WAV,Foliage,recover-20221017,008
422.3855,422.3933,45234.0,51691.0,Echolocation,Pipistrellus pipistrellus,0.582,0.642,-1,/mnt/ubna_data_02/recover-20221017/UBNA_008/20221017_080000.WAV,Foliage,recover-20221017,008
422.4905,422.4969,45234.0,52176.0,Echolocation,Pipistrellus pipistrellus,0.534,0.574,-1,/mnt/ubna_data_02/recover-20221017/UBNA_008/20221017_080000.WAV,Foliage,recover-20221017,008
422.5995,422.6053,45234.0,53352.0,Echolocation,Pipistrellus pipistrellus,0.613,0.627,-1,/mnt/ubna_data_02/recover-20221017/UBNA_008/20221017_080000.WAV,Foliage,recover-20221017,008
422.7055,422.7121,46093.0,53481.0,Echolocation,Pipistrellus pipistrellus,0.626,0.655,-1,/mnt/ubna_data_02/recover-20221017/UBNA_008/20221017_080000.WAV,Foliage,recover-20221017,008
422.8065,422.8134,45234.0,56701.0,Echolocation,Pipistrellus pipistrellus,0.564,0.622,-1,/mnt/ubna_data_02/recover-20221017/UBNA_008/20221017_080000.WAV,Foliage,recover-20221017,008
422.9015,422.9072,46953.0,55932.0,Echolocation,Pipistrellus pipistrellus,0.601,0.623,-1,/mnt/ubna_data_02/recover-20221017/UBNA_008/20221017_080000.WAV,Foliage,recover-20221017,008
422.9965,423.0022,45234.0,56565.0,Echolocation,Pipistrellus pipistrellus,0.619,0.646,-1,/mnt/ubna_data_02/recover-20221017/UBNA_008/20221017_080000.WAV,Foliage,recover-20221017,008
423.0935,423.0999,46093.0,53276.0,Echolocation,Pipistrellus pipistrellus,0.508,0.532,-1,/mnt/ubna_data_02/recover-20221017/UBNA_008/20221017_080000.WAV,Foliage,recover-20221017,008
423.1835,423.1904,45234.0,57545.0,Echolocation,Pipistrellus pipistrellus,0.636,0.677,-1,/mnt/ubna_data_02/recover-20221017/UBNA_008/20221017_080000.WAV,Foliage,recover-20221017,008
423.2795,423.2858,46953.0,53383.0,Echolocation,Pipistrellus pipistrellus,0.518,0.527,-1,/mnt/ubna_data_02/recover-20221017/UBNA_008/20221017_080000.WAV,Foliage,recover-20221017,008
423.3695,423.3776,46093.0,56136.0,Echolocation,Pipistrellus pipistrellus,0.548,0.588,-1,/mnt/ubna_data_02/recover-20221017/UBNA_008/20221017_080000.WAV,Foliage,recover-20221017,008
423.4665,423.4724,46953.0,56862.0,Echolocation,Pipistrellus pipistrellus,0.605,0.62,-1,/mnt/ubna_data_02/recover-20221017/UBNA_008/20221017_080000.WAV,Foliage,recover-20221017,008
423.5635,423.5697,45234.0,57023.0,Echolocation,Pipistrellus pipistrellus,0.569,0.591,-1,/mnt/ubna_data_02/recover-20221017/UBNA_008/20221017_080000.WAV,Foliage,recover-20221017,008
423.6595,423.6654,45234.0,54568.0,Echolocation,Pipistrellus pipistrellus,0.473,0.501,-1,/mnt/ubna_data_02/recover-20221017/UBNA_008/20221017_080000.WAV,Foliage,recover-20221017,008
423.7505,423.7583,45234.0,55468.0,Echolocation,Pipistrellus pipistrellus,0.478,0.515,-1,/mnt/ubna_data_02/recover-20221017/UBNA_008/20221017_080000.WAV,Foliage,recover-20221017,008
423.8425,423.8496,44375.0,55565.0,Echolocation,Pipistrellus pipistrellus,0.506,0.541,-1,/mnt/ubna_data_02/recover-20221017/UBNA_008/20221017_080000.WAV,Foliage,recover-20221017,008
424.0325,424.0383,45234.0,57393.0,Echolocation,Pipistrellus pipistrellus,0.617,0.65,-1,/mnt/ubna_data_02/recover-20221017/UBNA_008/20221017_080000.WAV,Foliage,recover-20221017,008
424.1255,424.1323,46953.0,56029.0,Echolocation,Pipistrellus pipistrellus,0.537,0.549,-1,/mnt/ubna_data_02/recover-20221017/UBNA_008/20221017_080000.WAV,Foliage,recover-20221017,008
424.2345,424.2432,46093.0,55032.0,Echolocation,Pipistrellus pipistrellus,0.488,0.519,-1,/mnt/ubna_data_02/recover-20221017/UBNA_008/20221017_080000.WAV,Foliage,recover-20221017,008
424.3285,424.3375,46093.0,60991.0,Echolocation,Pipistrellus pipistrellus,0.561,0.607,-1,/mnt/ubna_data_02/recover-20221017/UBNA_008/20221017_080000.WAV,Foliage,recover-20221017,008
424.4375,424.4445,46953.0,56892.0,Echolocation,Pipistrellus pipistrellus,0.6,0.634,-1,/mnt/ubna_data_02/recover-20221017/UBNA_008/20221017_080000.WAV,Foliage,recover-20221017,008
424.5425,424.5482,45234.0,59173.0,Echolocation,Pipistrellus pipistrellus,0.599,0.616,-1,/mnt/ubna_data_02/recover-20221017/UBNA_008/20221017_080000.WAV,Foliage,recover-20221017,008
424.6445,424.6502,46953.0,55036.0,Echolocation,Pipistrellus pipistrellus,0.603,0.613,-1,/mnt/ubna_data_02/recover-20221017/UBNA_008/20221017_080000.WAV,Foliage,recover-20221017,008
424.7425,424.7506,46093.0,63279.0,Echolocation,Pipistrellus pipistrellus,0.587,0.669,-1,/mnt/ubna_data_02/recover-20221017/UBNA_008/20221017_080000.WAV,Foliage,recover-20221017,008
424.8465,424.8537,46953.0,57128.0,Echolocation,Pipistrellus pipistrellus,0.645,0.668,-1,/mnt/ubna_data_02/recover-20221017/UBNA_008/20221017_080000.WAV,Foliage,recover-20221017,008
424.9675,424.9738,44375.0,62764.0,Echolocation,Pipistrellus pipistrellus,0.604,0.646,-1,/mnt/ubna_data_02/recover-20221017/UBNA_008/20221017_080000.WAV,Foliage,recover-20221017,008
425.0645,425.0714,45234.0,53819.0,Echolocation,Pipistrellus pipistrellus,0.533,0.563,-1,/mnt/ubna_data_02/recover-20221017/UBNA_008/20221017_080000.WAV,Foliage,recover-20221017,008
425.1505,425.1574,44375.0,59353.0,Echolocation,Pipistrellus pipistrellus,0.637,0.661,-1,/mnt/ubna_data_02/recover-20221017/UBNA_008/20221017_080000.WAV,Foliage,recover-20221017,008
425.2495,425.2561,45234.0,55322.0,Echolocation,Pipistrellus pipistrellus,0.545,0.563,-1,/mnt/ubna_data_02/recover-20221017/UBNA_008/20221017_080000.WAV,Foliage,recover-20221017,008
425.3445,425.3547,45234.0,57559.0,Echolocation,Pipistrellus pipistrellus,0.591,0.628,-1,/mnt/ubna_data_02/recover-20221017/UBNA_008/20221017_080000.WAV,Foliage,recover-20221017,008
425.5435,425.5503,46953.0,56013.0,Echolocation,Pipistrellus pipistrellus,0.55,0.572,-1,/mnt/ubna_data_02/recover-20221017/UBNA_008/20221017_080000.WAV,Foliage,recover-20221017,008
425.7295,425.7353,46953.0,58924.0,Echolocation,Pipistrellus pipistrellus,0.634,0.665,-1,/mnt/ubna_data_02/recover-20221017/UBNA_008/20221017_080000.WAV,Foliage,recover-20221017,008
425.9275,425.9337,46093.0,57838.0,Echolocation,Pipistrellus pipistrellus,0.525,0.546,-1,/mnt/ubna_data_02/recover-20221017/UBNA_008/20221017_080000.WAV,Foliage,recover-20221017,008
426.2535,426.2588,45234.0,55536.0,Echolocation,Pipistrellus pipistrellus,0.52,0.539,-1,/mnt/ubna_data_02/recover-20221017/UBNA_008/20221017_080000.WAV,Foliage,recover-20221017,008
427.2105,427.218,46093.0,53418.0,Echolocation,Pipistrellus pipistrellus,0.552,0.604,-1,/mnt/ubna_data_02/recover-20221017/UBNA_008/20221017_080000.WAV,Foliage,recover-20221017,008
444.5545,444.56,46953.0,57824.0,Echolocation,Pipistrellus pipistrellus,0.538,0.56,-1,/mnt/ubna_data_02/recover-20221017/UBNA_008/20221017_080000.WAV,Foliage,recover-20221017,008
444.6445,444.65,47812.0,56625.0,Echolocation,Pipistrellus pipistrellus,0.559,0.567,-1,/mnt/ubna_data_02/recover-20221017/UBNA_008/20221017_080000.WAV,Foliage,recover-20221017,008
444.8265,444.8317,46093.0,56418.0,Echolocation,Pipistrellus pipistrellus,0.547,0.567,-1,/mnt/ubna_data_02/recover-20221017/UBNA_008/20221017_080000.WAV,Foliage,recover-20221017,008
444.9175,444.9234,46093.0,57786.0,Echolocation,Pipistrellus pipistrellus,0.521,0.558,-1,/mnt/ubna_data_02/recover-20221017/UBNA_008/20221017_080000.WAV,Foliage,recover-20221017,008
445.0025,445.0086,45234.0,61240.0,Echolocation,Pipistrellus pipistrellus,0.529,0.636,-1,/mnt/ubna_data_02/recover-20221017/UBNA_008/20221017_080000.WAV,Foliage,recover-20221017,008
445.08050000000003,445.0859,46953.0,62445.0,Echolocation,Pipistrellus pipistrellus,0.57,0.6,-1,/mnt/ubna_data_02/recover-20221017/UBNA_008/20221017_080000.WAV,Foliage,recover-20221017,008
445.2245,445.231,48671.0,60993.0,Echolocation,Pipistrellus pipistrellus,0.515,0.552,-1,/mnt/ubna_data_02/recover-20221017/UBNA_008/20221017_080000.WAV,Foliage,recover-20221017,008
445.2985,445.3043,49531.0,60180.0,Echolocation,Pipistrellus pipistrellus,0.492,0.508,-1,/mnt/ubna_data_02/recover-20221017/UBNA_008/20221017_080000.WAV,Foliage,recover-20221017,008
445.3645,445.3706,50390.0,59644.0,Echolocation,Pipistrellus pipistrellus,0.499,0.532,-1,/mnt/ubna_data_02/recover-20221017/UBNA_008/20221017_080000.WAV,Foliage,recover-20221017,008
445.8255,445.831,49531.0,61525.0,Echolocation,Pipistrellus pipistrellus,0.496,0.563,-1,/mnt/ubna_data_02/recover-20221017/UBNA_008/20221017_080000.WAV,Foliage,recover-20221017,008
445.9085,445.9145,47812.0,59480.0,Echolocation,Pipistrellus pipistrellus,0.488,0.515,-1,/mnt/ubna_data_02/recover-20221017/UBNA_008/20221017_080000.WAV,Foliage,recover-20221017,008
445.9965,446.0015,46953.0,60991.0,Echolocation,Pipistrellus pipistrellus,0.571,0.611,-1,/mnt/ubna_data_02/recover-20221017/UBNA_008/20221017_080000.WAV,Foliage,recover-20221017,008
446.0845,446.09069999999997,46093.0,61606.0,Echolocation,Pipistrellus pipistrellus,0.494,0.577,-1,/mnt/ubna_data_02/recover-20221017/UBNA_008/20221017_080000.WAV,Foliage,recover-20221017,008
446.1805,446.1863,44375.0,65837.0,Echolocation,Pipistrellus pipistrellus,0.534,0.615,-1,/mnt/ubna_data_02/recover-20221017/UBNA_008/20221017_080000.WAV,Foliage,recover-20221017,008
446.3705,446.3785,44375.0,66154.0,Echolocation,Pipistrellus pipistrellus,0.511,0.628,-1,/mnt/ubna_data_02/recover-20221017/UBNA_008/20221017_080000.WAV,Foliage,recover-20221017,008
446.5575,446.5648,43515.0,61839.0,Echolocation,Pipistrellus pipistrellus,0.629,0.713,-1,/mnt/ubna_data_02/recover-20221017/UBNA_008/20221017_080000.WAV,Foliage,recover-20221017,008
446.6615,446.6682,44375.0,56962.0,Echolocation,Pipistrellus pipistrellus,0.549,0.588,-1,/mnt/ubna_data_02/recover-20221017/UBNA_008/20221017_080000.WAV,Foliage,recover-20221017,008
446.7525,446.7591,43515.0,61001.0,Echolocation,Pipistrellus pipistrellus,0.501,0.596,-1,/mnt/ubna_data_02/recover-20221017/UBNA_008/20221017_080000.WAV,Foliage,recover-20221017,008
446.8455,446.8513,43515.0,58911.0,Echolocation,Pipistrellus pipistrellus,0.571,0.6,-1,/mnt/ubna_data_02/recover-20221017/UBNA_008/20221017_080000.WAV,Foliage,recover-20221017,008
447.0345,447.04110000000003,44375.0,57624.0,Echolocation,Pipistrellus pipistrellus,0.595,0.644,-1,/mnt/ubna_data_02/recover-20221017/UBNA_008/20221017_080000.WAV,Foliage,recover-20221017,008
447.2325,447.2395,45234.0,55154.0,Echolocation,Pipistrellus pipistrellus,0.475,0.536,-1,/mnt/ubna_data_02/recover-20221017/UBNA_008/20221017_080000.WAV,Foliage,recover-20221017,008
447.6155,447.6219,45234.0,58079.0,Echolocation,Pipistrellus pipistrellus,0.577,0.618,-1,/mnt/ubna_data_02/recover-20221017/UBNA_008/20221017_080000.WAV,Foliage,recover-20221017,008
447.9825,447.9899,46093.0,61167.0,Echolocation,Pipistrellus pipistrellus,0.508,0.569,-1,/mnt/ubna_data_02/recover-20221017/UBNA_008/20221017_080000.WAV,Foliage,recover-20221017,008
449.5265,449.5319,46093.0,62079.0,Echolocation,Pipistrellus pipistrellus,0.495,0.613,-1,/mnt/ubna_data_02/recover-20221017/UBNA_008/20221017_080000.WAV,Foliage,recover-20221017,008
449.6945,449.6999,44375.0,60428.0,Echolocation,Pipistrellus pipistrellus,0.51,0.645,-1,/mnt/ubna_data_02/recover-20221017/UBNA_008/20221017_080000.WAV,Foliage,recover-20221017,008
449.7825,449.7886,46093.0,62586.0,Echolocation,Pipistrellus pipistrellus,0.475,0.648,-1,/mnt/ubna_data_02/recover-20221017/UBNA_008/20221017_080000.WAV,Foliage,recover-20221017,008
450.0605,450.07,46953.0,62508.0,Echolocation,Pipistrellus pipistrellus,0.49,0.675,-1,/mnt/ubna_data_02/recover-20221017/UBNA_008/20221017_080000.WAV,Foliage,recover-20221017,008
450.2355,450.2415,47812.0,60242.0,Echolocation,Pipistrellus pipistrellus,0.633,0.659,-1,/mnt/ubna_data_02/recover-20221017/UBNA_008/20221017_080000.WAV,Foliage,recover-20221017,008
450.4265,450.4346,46093.0,53532.0,Echolocation,Pipistrellus pipistrellus,0.564,0.632,-1,/mnt/ubna_data_02/recover-20221017/UBNA_008/20221017_080000.WAV,Foliage,recover-20221017,008
453.5225,453.5295,48671.0,63846.0,Echolocation,Pipistrellus pipistrellus,0.564,0.642,-1,/mnt/ubna_data_02/recover-20221017/UBNA_008/20221017_080000.WAV,Foliage,recover-20221017,008
453.7065,453.7131,46093.0,55722.0,Echolocation,Pipistrellus pipistrellus,0.578,0.653,-1,/mnt/ubna_data_02/recover-20221017/UBNA_008/20221017_080000.WAV,Foliage,recover-20221017,008
453.8885,453.8954,44375.0,58296.0,Echolocation,Pipistrellus pipistrellus,0.621,0.691,-1,/mnt/ubna_data_02/recover-20221017/UBNA_008/20221017_080000.WAV,Foliage,recover-20221017,008
453.9815,453.988,45234.0,51548.0,Echolocation,Pipistrellus pipistrellus,0.518,0.555,-1,/mnt/ubna_data_02/recover-20221017/UBNA_008/20221017_080000.WAV,Foliage,recover-20221017,008
454.1585,454.1653,45234.0,53300.0,Echolocation,Pipistrellus pipistrellus,0.575,0.653,-1,/mnt/ubna_data_02/recover-20221017/UBNA_008/20221017_080000.WAV,Foliage,recover-20221017,008
465.6045,465.6086,48671.0,59178.0,Echolocation,Pipistrellus pipistrellus,0.492,0.532,-1,/mnt/ubna_data_02/recover-20221017/UBNA_008/20221017_080000.WAV,Foliage,recover-20221017,008
465.6915,465.6966,47812.0,57212.0,Echolocation,Pipistrellus pipistrellus,0.572,0.584,-1,/mnt/ubna_data_02/recover-20221017/UBNA_008/20221017_080000.WAV,Foliage,recover-20221017,008
465.8675,465.872,46953.0,58585.0,Echolocation,Pipistrellus pipistrellus,0.526,0.585,-1,/mnt/ubna_data_02/recover-20221017/UBNA_008/20221017_080000.WAV,Foliage,recover-20221017,008
465.9595,465.9647,46953.0,60479.0,Echolocation,Pipistrellus pipistrellus,0.622,0.673,-1,/mnt/ubna_data_02/recover-20221017/UBNA_008/20221017_080000.WAV,Foliage,recover-20221017,008
466.1415,466.1497,46953.0,61725.0,Echolocation,Pipistrellus pipistrellus,0.561,0.649,-1,/mnt/ubna_data_02/recover-20221017/UBNA_008/20221017_080000.WAV,Foliage,recover-20221017,008
466.2265,466.2329,46953.0,60532.0,Echolocation,Pipistrellus pipistrellus,0.532,0.57,-1,/mnt/ubna_data_02/recover-20221017/UBNA_008/20221017_080000.WAV,Foliage,recover-20221017,008
466.4885,466.4961,46093.0,62847.0,Echolocation,Pipistrellus pipistrellus,0.523,0.597,-1,/mnt/ubna_data_02/recover-20221017/UBNA_008/20221017_080000.WAV,Foliage,recover-20221017,008
466.5835,466.5898,44375.0,68054.0,Echolocation,Pipistrellus pipistrellus,0.455,0.544,-1,/mnt/ubna_data_02/recover-20221017/UBNA_008/20221017_080000.WAV,Foliage,recover-20221017,008
466.6675,466.6734,45234.0,58989.0,Echolocation,Pipistrellus pipistrellus,0.523,0.543,-1,/mnt/ubna_data_02/recover-20221017/UBNA_008/20221017_080000.WAV,Foliage,recover-20221017,008
466.8385,466.8437,47812.0,59891.0,Echolocation,Pipistrellus pipistrellus,0.527,0.534,-1,/mnt/ubna_data_02/recover-20221017/UBNA_008/20221017_080000.WAV,Foliage,recover-20221017,008
466.9335,466.939,47812.0,60326.0,Echolocation,Pipistrellus pipistrellus,0.611,0.633,-1,/mnt/ubna_data_02/recover-20221017/UBNA_008/20221017_080000.WAV,Foliage,recover-20221017,008
467.02049999999997,467.026,46953.0,58963.0,Echolocation,Pipistrellus pipistrellus,0.585,0.639,-1,/mnt/ubna_data_02/recover-20221017/UBNA_008/20221017_080000.WAV,Foliage,recover-20221017,008
467.1125,467.1175,47812.0,57231.0,Echolocation,Pipistrellus pipistrellus,0.559,0.564,-1,/mnt/ubna_data_02/recover-20221017/UBNA_008/20221017_080000.WAV,Foliage,recover-20221017,008
467.2045,467.2102,46093.0,58501.0,Echolocation,Pipistrellus pipistrellus,0.626,0.671,-1,/mnt/ubna_data_02/recover-20221017/UBNA_008/20221017_080000.WAV,Foliage,recover-20221017,008
467.29449999999997,467.3001,46093.0,54481.0,Echolocation,Pipistrellus pipistrellus,0.545,0.566,-1,/mnt/ubna_data_02/recover-20221017/UBNA_008/20221017_080000.WAV,Foliage,recover-20221017,008
467.3905,467.3959,44375.0,54705.0,Echolocation,Pipistrellus pipistrellus,0.575,0.591,-1,/mnt/ubna_data_02/recover-20221017/UBNA_008/20221017_080000.WAV,Foliage,recover-20221017,008
467.4825,467.4888,46093.0,54844.0,Echolocation,Pipistrellus pipistrellus,0.536,0.594,-1,/mnt/ubna_data_02/recover-20221017/UBNA_008/20221017_080000.WAV,Foliage,recover-20221017,008
467.5765,467.5825,44375.0,64187.0,Echolocation,Pipistrellus pipistrellus,0.53,0.564,-1,/mnt/ubna_data_02/recover-20221017/UBNA_008/20221017_080000.WAV,Foliage,recover-20221017,008
467.6765,467.6823,46953.0,55966.0,Echolocation,Pipistrellus pipistrellus,0.616,0.64,-1,/mnt/ubna_data_02/recover-20221017/UBNA_008/20221017_080000.WAV,Foliage,recover-20221017,008
467.7675,467.7742,46093.0,59674.0,Echolocation,Pipistrellus pipistrellus,0.644,0.68,-1,/mnt/ubna_data_02/recover-20221017/UBNA_008/20221017_080000.WAV,Foliage,recover-20221017,008
467.85450000000003,467.8605,46093.0,54949.0,Echolocation,Pipistrellus pipistrellus,0.606,0.622,-1,/mnt/ubna_data_02/recover-20221017/UBNA_008/20221017_080000.WAV,Foliage,recover-20221017,008
468.0255,468.0311,46093.0,55914.0,Echolocation,Pipistrellus pipistrellus,0.654,0.668,-1,/mnt/ubna_data_02/recover-20221017/UBNA_008/20221017_080000.WAV,Foliage,recover-20221017,008
468.1105,468.1159,45234.0,55903.0,Echolocation,Pipistrellus pipistrellus,0.596,0.609,-1,/mnt/ubna_data_02/recover-20221017/UBNA_008/20221017_080000.WAV,Foliage,recover-20221017,008
468.1855,468.1908,46953.0,56588.0,Echolocation,Pipistrellus pipistrellus,0.629,0.634,-1,/mnt/ubna_data_02/recover-20221017/UBNA_008/20221017_080000.WAV,Foliage,recover-20221017,008
468.2635,468.2694,46093.0,58185.0,Echolocation,Pipistrellus pipistrellus,0.639,0.667,-1,/mnt/ubna_data_02/recover-20221017/UBNA_008/20221017_080000.WAV,Foliage,recover-20221017,008
468.4425,468.4489,46093.0,53869.0,Echolocation,Pipistrellus pipistrellus,0.614,0.625,-1,/mnt/ubna_data_02/recover-20221017/UBNA_008/20221017_080000.WAV,Foliage,recover-20221017,008
468.6225,468.6284,46093.0,53424.0,Echolocation,Pipistrellus pipistrellus,0.57,0.592,-1,/mnt/ubna_data_02/recover-20221017/UBNA_008/20221017_080000.WAV,Foliage,recover-20221017,008
468.7075,468.7135,46953.0,55009.0,Echolocation,Pipistrellus pipistrellus,0.582,0.592,-1,/mnt/ubna_data_02/recover-20221017/UBNA_008/20221017_080000.WAV,Foliage,recover-20221017,008
468.7905,468.7964,45234.0,54638.0,Echolocation,Pipistrellus pipistrellus,0.551,0.573,-1,/mnt/ubna_data_02/recover-20221017/UBNA_008/20221017_080000.WAV,Foliage,recover-20221017,008
468.8735,468.8802,45234.0,57733.0,Echolocation,Pipistrellus pipistrellus,0.562,0.594,-1,/mnt/ubna_data_02/recover-20221017/UBNA_008/20221017_080000.WAV,Foliage,recover-20221017,008
469.0395,469.0451,47812.0,59169.0,Echolocation,Pipistrellus pipistrellus,0.516,0.524,-1,/mnt/ubna_data_02/recover-20221017/UBNA_008/20221017_080000.WAV,Foliage,recover-20221017,008
650.2565,650.2625,46093.0,58222.0,Echolocation,Pipistrellus pipistrellus,0.471,0.526,-1,/mnt/ubna_data_02/recover-20221017/UBNA_008/20221017_080000.WAV,Foliage,recover-20221017,008
650.3445,650.3519,45234.0,57972.0,Echolocation,Pipistrellus pipistrellus,0.545,0.59,-1,/mnt/ubna_data_02/recover-20221017/UBNA_008/20221017_080000.WAV,Foliage,recover-20221017,008
651.5185,651.5249,46953.0,60402.0,Echolocation,Pipistrellus pipistrellus,0.471,0.542,-1,/mnt/ubna_data_02/recover-20221017/UBNA_008/20221017_080000.WAV,Foliage,recover-20221017,008
651.7015,651.7107,44375.0,56729.0,Echolocation,Pipistrellus pipistrellus,0.547,0.634,-1,/mnt/ubna_data_02/recover-20221017/UBNA_008/20221017_080000.WAV,Foliage,recover-20221017,008
651.7935,651.801,45234.0,52079.0,Echolocation,Pipistrellus pipistrellus,0.472,0.529,-1,/mnt/ubna_data_02/recover-20221017/UBNA_008/20221017_080000.WAV,Foliage,recover-20221017,008
651.8855,651.8916,43515.0,51934.0,Echolocation,Pipistrellus pipistrellus,0.545,0.587,-1,/mnt/ubna_data_02/recover-20221017/UBNA_008/20221017_080000.WAV,Foliage,recover-20221017,008
651.9785,651.9846,42656.0,59900.0,Echolocation,Pipistrellus pipistrellus,0.557,0.619,-1,/mnt/ubna_data_02/recover-20221017/UBNA_008/20221017_080000.WAV,Foliage,recover-20221017,008
652.0755,652.0815,44375.0,53220.0,Echolocation,Pipistrellus pipistrellus,0.494,0.526,-1,/mnt/ubna_data_02/recover-20221017/UBNA_008/20221017_080000.WAV,Foliage,recover-20221017,008
652.1995,652.206,43515.0,54733.0,Echolocation,Pipistrellus pipistrellus,0.501,0.612,-1,/mnt/ubna_data_02/recover-20221017/UBNA_008/20221017_080000.WAV,Foliage,recover-20221017,008
652.2845,652.2924,45234.0,56478.0,Echolocation,Pipistrellus pipistrellus,0.518,0.607,-1,/mnt/ubna_data_02/recover-20221017/UBNA_008/20221017_080000.WAV,Foliage,recover-20221017,008
652.5735,652.5803,45234.0,57490.0,Echolocation,Pipistrellus pipistrellus,0.503,0.545,-1,/mnt/ubna_data_02/recover-20221017/UBNA_008/20221017_080000.WAV,Foliage,recover-20221017,008
653.0255,653.0311,45234.0,54552.0,Echolocation,Pipistrellus pipistrellus,0.522,0.542,-1,/mnt/ubna_data_02/recover-20221017/UBNA_008/20221017_080000.WAV,Foliage,recover-20221017,008
653.1155,653.1215,44375.0,53737.0,Echolocation,Pipistrellus pipistrellus,0.578,0.596,-1,/mnt/ubna_data_02/recover-20221017/UBNA_008/20221017_080000.WAV,Foliage,recover-20221017,008
653.2095,653.2155,44375.0,51300.0,Echolocation,Pipistrellus pipistrellus,0.528,0.54,-1,/mnt/ubna_data_02/recover-20221017/UBNA_008/20221017_080000.WAV,Foliage,recover-20221017,008
653.3995,653.4066,46953.0,58200.0,Echolocation,Pipistrellus pipistrellus,0.553,0.598,-1,/mnt/ubna_data_02/recover-20221017/UBNA_008/20221017_080000.WAV,Foliage,recover-20221017,008
653.4895,653.4966,45234.0,54829.0,Echolocation,Pipistrellus pipistrellus,0.51,0.535,-1,/mnt/ubna_data_02/recover-20221017/UBNA_008/20221017_080000.WAV,Foliage,recover-20221017,008
653.5835,653.5884,43515.0,60286.0,Echolocation,Pipistrellus pipistrellus,0.492,0.57,-1,/mnt/ubna_data_02/recover-20221017/UBNA_008/20221017_080000.WAV,Foliage,recover-20221017,008
653.6725,653.6796,44375.0,54763.0,Echolocation,Pipistrellus pipistrellus,0.457,0.542,-1,/mnt/ubna_data_02/recover-20221017/UBNA_008/20221017_080000.WAV,Foliage,recover-20221017,008
653.7605,653.7669,45234.0,57894.0,Echolocation,Pipistrellus pipistrellus,0.567,0.597,-1,/mnt/ubna_data_02/recover-20221017/UBNA_008/20221017_080000.WAV,Foliage,recover-20221017,008
653.8465,653.8517,43515.0,58601.0,Echolocation,Pipistrellus pipistrellus,0.596,0.627,-1,/mnt/ubna_data_02/recover-20221017/UBNA_008/20221017_080000.WAV,Foliage,recover-20221017,008
654.0035,654.0089,43515.0,54927.0,Echolocation,Pipistrellus pipistrellus,0.511,0.543,-1,/mnt/ubna_data_02/recover-20221017/UBNA_008/20221017_080000.WAV,Foliage,recover-20221017,008
654.0905,654.0966,42656.0,60327.0,Echolocation,Pipistrellus pipistrellus,0.578,0.638,-1,/mnt/ubna_data_02/recover-20221017/UBNA_008/20221017_080000.WAV,Foliage,recover-20221017,008
654.1825,654.1902,45234.0,51442.0,Echolocation,Pipistrellus pipistrellus,0.553,0.577,-1,/mnt/ubna_data_02/recover-20221017/UBNA_008/20221017_080000.WAV,Foliage,recover-20221017,008
654.3335,654.3396,45234.0,52377.0,Echolocation,Pipistrellus pipistrellus,0.528,0.544,-1,/mnt/ubna_data_02/recover-20221017/UBNA_008/20221017_080000.WAV,Foliage,recover-20221017,008
655.0095,655.0147,44375.0,54609.0,Echolocation,Pipistrellus pipistrellus,0.629,0.645,-1,/mnt/ubna_data_02/recover-20221017/UBNA_008/20221017_080000.WAV,Foliage,recover-20221017,008
655.1695,655.1747,43515.0,50522.0,Echolocation,Pipistrellus pipistrellus,0.547,0.583,-1,/mnt/ubna_data_02/recover-20221017/UBNA_008/20221017_080000.WAV,Foliage,recover-20221017,008
655.2615,655.2676,45234.0,53197.0,Echolocation,Pipistrellus pipistrellus,0.599,0.614,-1,/mnt/ubna_data_02/recover-20221017/UBNA_008/20221017_080000.WAV,Foliage,recover-20221017,008
655.3725,655.3778,42656.0,55568.0,Echolocation,Pipistrellus pipistrellus,0.638,0.663,-1,/mnt/ubna_data_02/recover-20221017/UBNA_008/20221017_080000.WAV,Foliage,recover-20221017,008
655.4655,655.4711,43515.0,51603.0,Echolocation,Pipistrellus pipistrellus,0.533,0.582,-1,/mnt/ubna_data_02/recover-20221017/UBNA_008/20221017_080000.WAV,Foliage,recover-20221017,008
655.5535,655.5613,43515.0,51737.0,Echolocation,Pipistrellus pipistrellus,0.528,0.579,-1,/mnt/ubna_data_02/recover-20221017/UBNA_008/20221017_080000.WAV,Foliage,recover-20221017,008
655.6475,655.6543,44375.0,50752.0,Echolocation,Pipistrellus pipistrellus,0.593,0.638,-1,/mnt/ubna_data_02/recover-20221017/UBNA_008/20221017_080000.WAV,Foliage,recover-20221017,008
656.3655,656.3716,43515.0,57079.0,Echolocation,Pipistrellus pipistrellus,0.511,0.638,-1,/mnt/ubna_data_02/recover-20221017/UBNA_008/20221017_080000.WAV,Foliage,recover-20221017,008
657.2985,657.3054,44375.0,56174.0,Echolocation,Pipistrellus pipistrellus,0.503,0.58,-1,/mnt/ubna_data_02/recover-20221017/UBNA_008/20221017_080000.WAV,Foliage,recover-20221017,008
657.4625,657.4682,43515.0,55180.0,Echolocation,Pipistrellus pipistrellus,0.58,0.649,-1,/mnt/ubna_data_02/recover-20221017/UBNA_008/20221017_080000.WAV,Foliage,recover-20221017,008
680.9435,680.9482,45234.0,59436.0,Echolocation,Pipistrellus pipistrellus,0.55,0.604,-1,/mnt/ubna_data_02/recover-20221017/UBNA_008/20221017_080000.WAV,Foliage,recover-20221017,008
681.0345,681.0396,46093.0,59540.0,Echolocation,Pipistrellus pipistrellus,0.576,0.608,-1,/mnt/ubna_data_02/recover-20221017/UBNA_008/20221017_080000.WAV,Foliage,recover-20221017,008
681.2165,681.2229,46093.0,60749.0,Echolocation,Pipistrellus pipistrellus,0.59,0.665,-1,/mnt/ubna_data_02/recover-20221017/UBNA_008/20221017_080000.WAV,Foliage,recover-20221017,008
681.3035,681.3092,45234.0,58809.0,Echolocation,Pipistrellus pipistrellus,0.544,0.585,-1,/mnt/ubna_data_02/recover-20221017/UBNA_008/20221017_080000.WAV,Foliage,recover-20221017,008
681.4905,681.4964,45234.0,57756.0,Echolocation,Pipistrellus pipistrellus,0.647,0.696,-1,/mnt/ubna_data_02/recover-20221017/UBNA_008/20221017_080000.WAV,Foliage,recover-20221017,008
681.7625,681.7713,44375.0,57596.0,Echolocation,Pipistrellus pipistrellus,0.537,0.597,-1,/mnt/ubna_data_02/recover-20221017/UBNA_008/20221017_080000.WAV,Foliage,recover-20221017,008
681.9515,681.9582,45234.0,60373.0,Echolocation,Pipistrellus pipistrellus,0.544,0.632,-1,/mnt/ubna_data_02/recover-20221017/UBNA_008/20221017_080000.WAV,Foliage,recover-20221017,008
682.1365,682.1472,44375.0,58653.0,Echolocation,Pipistrellus pipistrellus,0.559,0.62,-1,/mnt/ubna_data_02/recover-20221017/UBNA_008/20221017_080000.WAV,Foliage,recover-20221017,008
682.2305,682.2387,43515.0,63219.0,Echolocation,Pipistrellus pipistrellus,0.453,0.607,-1,/mnt/ubna_data_02/recover-20221017/UBNA_008/20221017_080000.WAV,Foliage,recover-20221017,008
682.4135,682.4234,45234.0,55112.0,Echolocation,Pipistrellus pipistrellus,0.443,0.515,-1,/mnt/ubna_data_02/recover-20221017/UBNA_008/20221017_080000.WAV,Foliage,recover-20221017,008
682.5855,682.5951,46093.0,55797.0,Echolocation,Pipistrellus pipistrellus,0.464,0.511,-1,/mnt/ubna_data_02/recover-20221017/UBNA_008/20221017_080000.WAV,Foliage,recover-20221017,008
683.5115,683.5167,42656.0,58289.0,Echolocation,Pipistrellus pipistrellus,0.337,0.509,-1,/mnt/ubna_data_02/recover-20221017/UBNA_008/20221017_080000.WAV,Foliage,recover-20221017,008
