start_time,end_time,low_freq,high_freq,event,class,class_prob,det_prob,individual,input_file,Recover Folder,SD Card,Site name
36.2805,36.297,27187.0,30178.0,Echolocation,Nyctalus leisleri,0.517,0.588,-1,/mnt/ubna_data_01/recover-20220801/UBNA_004/20220730_083000.WAV,recover-20220801,UBNA_004,Carp Pond
39.5385,39.5527,27187.0,32265.0,Echolocation,Nyctalus leisleri,0.314,0.512,-1,/mnt/ubna_data_01/recover-20220801/UBNA_004/20220730_083000.WAV,recover-20220801,UBNA_004,Carp Pond
49.3805,49.3919,25468.0,30703.0,Echolocation,Nyctalus leisleri,0.327,0.501,-1,/mnt/ubna_data_01/recover-20220801/UBNA_004/20220730_083000.WAV,recover-20220801,UBNA_004,Carp Pond
50.1155,50.132000000000005,24609.0,29800.0,Echolocation,Nyctalus leisleri,0.297,0.569,-1,/mnt/ubna_data_01/recover-20220801/UBNA_004/20220730_083000.WAV,recover-20220801,UBNA_004,Carp Pond
50.3495,50.364599999999996,25468.0,29045.0,Echolocation,Nyctalus leisleri,0.357,0.555,-1,/mnt/ubna_data_01/recover-20220801/UBNA_004/20220730_083000.WAV,recover-20220801,UBNA_004,Carp Pond
50.9975,51.0103,25468.0,30252.0,Echolocation,Nyctalus leisleri,0.38,0.595,-1,/mnt/ubna_data_01/recover-20220801/UBNA_004/20220730_083000.WAV,recover-20220801,UBNA_004,Carp Pond
51.2485,51.2645,25468.0,29771.0,Echolocation,Nyctalus leisleri,0.398,0.548,-1,/mnt/ubna_data_01/recover-20220801/UBNA_004/20220730_083000.WAV,recover-20220801,UBNA_004,Carp Pond
54.6305,54.6451,23750.0,28345.0,Echolocation,Nyctalus leisleri,0.364,0.55,-1,/mnt/ubna_data_01/recover-20220801/UBNA_004/20220730_083000.WAV,recover-20220801,UBNA_004,Carp Pond
55.176500000000004,55.1941,22890.0,27427.0,Echolocation,Nyctalus leisleri,0.455,0.54,-1,/mnt/ubna_data_01/recover-20220801/UBNA_004/20220730_083000.WAV,recover-20220801,UBNA_004,Carp Pond
55.4495,55.4651,23750.0,27818.0,Echolocation,Nyctalus leisleri,0.49,0.609,-1,/mnt/ubna_data_01/recover-20220801/UBNA_004/20220730_083000.WAV,recover-20220801,UBNA_004,Carp Pond
55.7295,55.7464,22890.0,27212.0,Echolocation,Nyctalus leisleri,0.444,0.516,-1,/mnt/ubna_data_01/recover-20220801/UBNA_004/20220730_083000.WAV,recover-20220801,UBNA_004,Carp Pond
56.299499999999995,56.3164,22890.0,28133.0,Echolocation,Nyctalus leisleri,0.31,0.534,-1,/mnt/ubna_data_01/recover-20220801/UBNA_004/20220730_083000.WAV,recover-20220801,UBNA_004,Carp Pond
56.564499999999995,56.5798,23750.0,29409.0,Echolocation,Nyctalus leisleri,0.312,0.53,-1,/mnt/ubna_data_01/recover-20220801/UBNA_004/20220730_083000.WAV,recover-20220801,UBNA_004,Carp Pond
56.7125,56.7268,23750.0,29194.0,Echolocation,Nyctalus leisleri,0.344,0.549,-1,/mnt/ubna_data_01/recover-20220801/UBNA_004/20220730_083000.WAV,recover-20220801,UBNA_004,Carp Pond
56.8605,56.8754,23750.0,29611.0,Echolocation,Nyctalus leisleri,0.285,0.517,-1,/mnt/ubna_data_01/recover-20220801/UBNA_004/20220730_083000.WAV,recover-20220801,UBNA_004,Carp Pond
57.0035,57.0162,23750.0,30359.0,Echolocation,Nyctalus leisleri,0.433,0.589,-1,/mnt/ubna_data_01/recover-20220801/UBNA_004/20220730_083000.WAV,recover-20220801,UBNA_004,Carp Pond
57.2645,57.280100000000004,23750.0,29065.0,Echolocation,Nyctalus leisleri,0.285,0.574,-1,/mnt/ubna_data_01/recover-20220801/UBNA_004/20220730_083000.WAV,recover-20220801,UBNA_004,Carp Pond
57.5295,57.5437,23750.0,29427.0,Echolocation,Nyctalus leisleri,0.456,0.629,-1,/mnt/ubna_data_01/recover-20220801/UBNA_004/20220730_083000.WAV,recover-20220801,UBNA_004,Carp Pond
58.6175,58.6325,23750.0,29295.0,Echolocation,Nyctalus leisleri,0.419,0.55,-1,/mnt/ubna_data_01/recover-20220801/UBNA_004/20220730_083000.WAV,recover-20220801,UBNA_004,Carp Pond
58.8965,58.9127,23750.0,28291.0,Echolocation,Nyctalus leisleri,0.372,0.504,-1,/mnt/ubna_data_01/recover-20220801/UBNA_004/20220730_083000.WAV,recover-20220801,UBNA_004,Carp Pond
59.2495,59.264700000000005,23750.0,30297.0,Echolocation,Nyctalus leisleri,0.28,0.512,-1,/mnt/ubna_data_01/recover-20220801/UBNA_004/20220730_083000.WAV,recover-20220801,UBNA_004,Carp Pond
60.0805,60.0958,22890.0,29372.0,Echolocation,Nyctalus leisleri,0.321,0.567,-1,/mnt/ubna_data_01/recover-20220801/UBNA_004/20220730_083000.WAV,recover-20220801,UBNA_004,Carp Pond
60.6545,60.6725,22890.0,28029.0,Echolocation,Nyctalus leisleri,0.325,0.5,-1,/mnt/ubna_data_01/recover-20220801/UBNA_004/20220730_083000.WAV,recover-20220801,UBNA_004,Carp Pond
65.8385,65.8619,17734.0,21470.0,Echolocation,Nyctalus noctula,0.466,0.558,-1,/mnt/ubna_data_01/recover-20220801/UBNA_004/20220730_083000.WAV,recover-20220801,UBNA_004,Carp Pond
67.0465,67.0725,17734.0,20618.0,Echolocation,Nyctalus noctula,0.483,0.567,-1,/mnt/ubna_data_01/recover-20220801/UBNA_004/20220730_083000.WAV,recover-20220801,UBNA_004,Carp Pond
68.2615,68.2793,23750.0,27245.0,Echolocation,Nyctalus leisleri,0.464,0.542,-1,/mnt/ubna_data_01/recover-20220801/UBNA_004/20220730_083000.WAV,recover-20220801,UBNA_004,Carp Pond
68.8065,68.8238,23750.0,27905.0,Echolocation,Nyctalus leisleri,0.423,0.531,-1,/mnt/ubna_data_01/recover-20220801/UBNA_004/20220730_083000.WAV,recover-20220801,UBNA_004,Carp Pond
69.0785,69.09479999999999,23750.0,28344.0,Echolocation,Nyctalus leisleri,0.381,0.518,-1,/mnt/ubna_data_01/recover-20220801/UBNA_004/20220730_083000.WAV,recover-20220801,UBNA_004,Carp Pond
69.2235,69.2388,23750.0,30413.0,Echolocation,Nyctalus leisleri,0.267,0.557,-1,/mnt/ubna_data_01/recover-20220801/UBNA_004/20220730_083000.WAV,recover-20220801,UBNA_004,Carp Pond
72.1155,72.1319,20312.0,24709.0,Echolocation,Nyctalus noctula,0.461,0.592,-1,/mnt/ubna_data_01/recover-20220801/UBNA_004/20220730_083000.WAV,recover-20220801,UBNA_004,Carp Pond
72.9515,72.9662,25468.0,29011.0,Echolocation,Nyctalus leisleri,0.377,0.554,-1,/mnt/ubna_data_01/recover-20220801/UBNA_004/20220730_083000.WAV,recover-20220801,UBNA_004,Carp Pond
74.1605,74.17699999999999,23750.0,28598.0,Echolocation,Nyctalus leisleri,0.427,0.567,-1,/mnt/ubna_data_01/recover-20220801/UBNA_004/20220730_083000.WAV,recover-20220801,UBNA_004,Carp Pond
74.8675,74.8762,40078.0,46293.0,Echolocation,Pipistrellus nathusii,0.495,0.551,-1,/mnt/ubna_data_01/recover-20220801/UBNA_004/20220730_083000.WAV,recover-20220801,UBNA_004,Carp Pond
75.1345,75.1446,40078.0,47793.0,Echolocation,Pipistrellus nathusii,0.491,0.621,-1,/mnt/ubna_data_01/recover-20220801/UBNA_004/20220730_083000.WAV,recover-20220801,UBNA_004,Carp Pond
75.26650000000001,75.2776,40078.0,46369.0,Echolocation,Pipistrellus nathusii,0.46,0.528,-1,/mnt/ubna_data_01/recover-20220801/UBNA_004/20220730_083000.WAV,recover-20220801,UBNA_004,Carp Pond
75.50450000000001,75.514,38359.0,48552.0,Echolocation,Pipistrellus nathusii,0.439,0.511,-1,/mnt/ubna_data_01/recover-20220801/UBNA_004/20220730_083000.WAV,recover-20220801,UBNA_004,Carp Pond
76.6185,76.6328,23750.0,27840.0,Echolocation,Nyctalus leisleri,0.445,0.551,-1,/mnt/ubna_data_01/recover-20220801/UBNA_004/20220730_083000.WAV,recover-20220801,UBNA_004,Carp Pond
79.3005,79.3159,23750.0,29569.0,Echolocation,Nyctalus leisleri,0.339,0.568,-1,/mnt/ubna_data_01/recover-20220801/UBNA_004/20220730_083000.WAV,recover-20220801,UBNA_004,Carp Pond
79.9905,80.0022,24609.0,30324.0,Echolocation,Nyctalus leisleri,0.375,0.531,-1,/mnt/ubna_data_01/recover-20220801/UBNA_004/20220730_083000.WAV,recover-20220801,UBNA_004,Carp Pond
80.1935,80.2108,22890.0,28709.0,Echolocation,Nyctalus leisleri,0.335,0.513,-1,/mnt/ubna_data_01/recover-20220801/UBNA_004/20220730_083000.WAV,recover-20220801,UBNA_004,Carp Pond
80.6765,80.6906,23750.0,30121.0,Echolocation,Nyctalus leisleri,0.429,0.665,-1,/mnt/ubna_data_01/recover-20220801/UBNA_004/20220730_083000.WAV,recover-20220801,UBNA_004,Carp Pond
80.8065,80.81700000000001,25468.0,30781.0,Echolocation,Nyctalus leisleri,0.319,0.526,-1,/mnt/ubna_data_01/recover-20220801/UBNA_004/20220730_083000.WAV,recover-20220801,UBNA_004,Carp Pond
81.1235,81.1341,25468.0,32391.0,Echolocation,Eptesicus serotinus,0.269,0.579,-1,/mnt/ubna_data_01/recover-20220801/UBNA_004/20220730_083000.WAV,recover-20220801,UBNA_004,Carp Pond
82.1465,82.16290000000001,23750.0,29789.0,Echolocation,Nyctalus leisleri,0.359,0.599,-1,/mnt/ubna_data_01/recover-20220801/UBNA_004/20220730_083000.WAV,recover-20220801,UBNA_004,Carp Pond
82.6995,82.7152,23750.0,29799.0,Echolocation,Nyctalus leisleri,0.286,0.542,-1,/mnt/ubna_data_01/recover-20220801/UBNA_004/20220730_083000.WAV,recover-20220801,UBNA_004,Carp Pond
107.37950000000001,107.3929,24609.0,28647.0,Echolocation,Nyctalus leisleri,0.383,0.527,-1,/mnt/ubna_data_01/recover-20220801/UBNA_004/20220730_083000.WAV,recover-20220801,UBNA_004,Carp Pond
107.5255,107.5403,25468.0,30122.0,Echolocation,Nyctalus leisleri,0.35,0.533,-1,/mnt/ubna_data_01/recover-20220801/UBNA_004/20220730_083000.WAV,recover-20220801,UBNA_004,Carp Pond
108.9705,108.9839,25468.0,30865.0,Echolocation,Nyctalus leisleri,0.359,0.579,-1,/mnt/ubna_data_01/recover-20220801/UBNA_004/20220730_083000.WAV,recover-20220801,UBNA_004,Carp Pond
109.1165,109.1308,23750.0,29816.0,Echolocation,Nyctalus leisleri,0.24,0.503,-1,/mnt/ubna_data_01/recover-20220801/UBNA_004/20220730_083000.WAV,recover-20220801,UBNA_004,Carp Pond
109.4015,109.4153,24609.0,31699.0,Echolocation,Nyctalus leisleri,0.303,0.603,-1,/mnt/ubna_data_01/recover-20220801/UBNA_004/20220730_083000.WAV,recover-20220801,UBNA_004,Carp Pond
109.86449999999999,109.8803,24609.0,29805.0,Echolocation,Nyctalus leisleri,0.382,0.53,-1,/mnt/ubna_data_01/recover-20220801/UBNA_004/20220730_083000.WAV,recover-20220801,UBNA_004,Carp Pond
110.2715,110.28659999999999,25468.0,28756.0,Echolocation,Nyctalus leisleri,0.378,0.505,-1,/mnt/ubna_data_01/recover-20220801/UBNA_004/20220730_083000.WAV,recover-20220801,UBNA_004,Carp Pond
140.8445,140.8581,24609.0,29248.0,Echolocation,Nyctalus leisleri,0.335,0.538,-1,/mnt/ubna_data_01/recover-20220801/UBNA_004/20220730_083000.WAV,recover-20220801,UBNA_004,Carp Pond
140.9965,141.0112,24609.0,29724.0,Echolocation,Nyctalus leisleri,0.269,0.564,-1,/mnt/ubna_data_01/recover-20220801/UBNA_004/20220730_083000.WAV,recover-20220801,UBNA_004,Carp Pond
141.1455,141.1607,24609.0,29327.0,Echolocation,Nyctalus leisleri,0.302,0.534,-1,/mnt/ubna_data_01/recover-20220801/UBNA_004/20220730_083000.WAV,recover-20220801,UBNA_004,Carp Pond
141.2985,141.3142,24609.0,29915.0,Echolocation,Nyctalus leisleri,0.29,0.536,-1,/mnt/ubna_data_01/recover-20220801/UBNA_004/20220730_083000.WAV,recover-20220801,UBNA_004,Carp Pond
141.5585,141.5737,24609.0,31838.0,Echolocation,Eptesicus serotinus,0.257,0.534,-1,/mnt/ubna_data_01/recover-20220801/UBNA_004/20220730_083000.WAV,recover-20220801,UBNA_004,Carp Pond
141.7165,141.7292,24609.0,29001.0,Echolocation,Nyctalus leisleri,0.332,0.552,-1,/mnt/ubna_data_01/recover-20220801/UBNA_004/20220730_083000.WAV,recover-20220801,UBNA_004,Carp Pond
141.8555,141.8681,25468.0,31627.0,Echolocation,Eptesicus serotinus,0.268,0.531,-1,/mnt/ubna_data_01/recover-20220801/UBNA_004/20220730_083000.WAV,recover-20220801,UBNA_004,Carp Pond
142.3885,142.4038,23750.0,30085.0,Echolocation,Nyctalus leisleri,0.362,0.555,-1,/mnt/ubna_data_01/recover-20220801/UBNA_004/20220730_083000.WAV,recover-20220801,UBNA_004,Carp Pond
144.3985,144.41649999999998,18593.0,23552.0,Echolocation,Nyctalus noctula,0.392,0.515,-1,/mnt/ubna_data_01/recover-20220801/UBNA_004/20220730_083000.WAV,recover-20220801,UBNA_004,Carp Pond
146.0865,146.1034,24609.0,30821.0,Echolocation,Nyctalus leisleri,0.305,0.543,-1,/mnt/ubna_data_01/recover-20220801/UBNA_004/20220730_083000.WAV,recover-20220801,UBNA_004,Carp Pond
146.6515,146.6648,24609.0,31472.0,Echolocation,Nyctalus leisleri,0.378,0.653,-1,/mnt/ubna_data_01/recover-20220801/UBNA_004/20220730_083000.WAV,recover-20220801,UBNA_004,Carp Pond
148.4255,148.432,34062.0,56153.0,Echolocation,Pipistrellus nathusii,0.209,0.525,-1,/mnt/ubna_data_01/recover-20220801/UBNA_004/20220730_083000.WAV,recover-20220801,UBNA_004,Carp Pond
148.8885,148.8956,37500.0,46557.0,Echolocation,Pipistrellus nathusii,0.332,0.516,-1,/mnt/ubna_data_01/recover-20220801/UBNA_004/20220730_083000.WAV,recover-20220801,UBNA_004,Carp Pond
149.1945,149.2038,36640.0,48853.0,Echolocation,Pipistrellus nathusii,0.403,0.525,-1,/mnt/ubna_data_01/recover-20220801/UBNA_004/20220730_083000.WAV,recover-20220801,UBNA_004,Carp Pond
150.8595,150.8766,21171.0,25152.0,Echolocation,Nyctalus noctula,0.345,0.514,-1,/mnt/ubna_data_01/recover-20220801/UBNA_004/20220730_083000.WAV,recover-20220801,UBNA_004,Carp Pond
157.1095,157.1285,16875.0,20272.0,Echolocation,Nyctalus noctula,0.389,0.697,-1,/mnt/ubna_data_01/recover-20220801/UBNA_004/20220730_083000.WAV,recover-20220801,UBNA_004,Carp Pond
157.5515,157.5679,18593.0,22350.0,Echolocation,Nyctalus noctula,0.448,0.589,-1,/mnt/ubna_data_01/recover-20220801/UBNA_004/20220730_083000.WAV,recover-20220801,UBNA_004,Carp Pond
158.1015,158.1179,18593.0,22563.0,Echolocation,Nyctalus noctula,0.513,0.647,-1,/mnt/ubna_data_01/recover-20220801/UBNA_004/20220730_083000.WAV,recover-20220801,UBNA_004,Carp Pond
158.5955,158.6128,17734.0,20965.0,Echolocation,Nyctalus noctula,0.392,0.534,-1,/mnt/ubna_data_01/recover-20220801/UBNA_004/20220730_083000.WAV,recover-20220801,UBNA_004,Carp Pond
159.2095,159.2263,17734.0,21170.0,Echolocation,Nyctalus noctula,0.441,0.577,-1,/mnt/ubna_data_01/recover-20220801/UBNA_004/20220730_083000.WAV,recover-20220801,UBNA_004,Carp Pond
162.0965,162.1096,24609.0,29635.0,Echolocation,Nyctalus leisleri,0.323,0.523,-1,/mnt/ubna_data_01/recover-20220801/UBNA_004/20220730_083000.WAV,recover-20220801,UBNA_004,Carp Pond
163.1715,163.1848,25468.0,29630.0,Echolocation,Nyctalus leisleri,0.426,0.579,-1,/mnt/ubna_data_01/recover-20220801/UBNA_004/20220730_083000.WAV,recover-20220801,UBNA_004,Carp Pond
163.3275,163.3443,26328.0,31652.0,Echolocation,Nyctalus leisleri,0.27,0.528,-1,/mnt/ubna_data_01/recover-20220801/UBNA_004/20220730_083000.WAV,recover-20220801,UBNA_004,Carp Pond
166.9875,167.0039,25468.0,30433.0,Echolocation,Nyctalus leisleri,0.381,0.519,-1,/mnt/ubna_data_01/recover-20220801/UBNA_004/20220730_083000.WAV,recover-20220801,UBNA_004,Carp Pond
168.7715,168.7884,24609.0,28933.0,Echolocation,Nyctalus leisleri,0.417,0.524,-1,/mnt/ubna_data_01/recover-20220801/UBNA_004/20220730_083000.WAV,recover-20220801,UBNA_004,Carp Pond
178.5205,178.5376,22890.0,27976.0,Echolocation,Nyctalus leisleri,0.32,0.534,-1,/mnt/ubna_data_01/recover-20220801/UBNA_004/20220730_083000.WAV,recover-20220801,UBNA_004,Carp Pond
181.7105,181.7235,24609.0,29979.0,Echolocation,Nyctalus leisleri,0.337,0.564,-1,/mnt/ubna_data_01/recover-20220801/UBNA_004/20220730_083000.WAV,recover-20220801,UBNA_004,Carp Pond
182.1415,182.1565,23750.0,28003.0,Echolocation,Nyctalus leisleri,0.515,0.597,-1,/mnt/ubna_data_01/recover-20220801/UBNA_004/20220730_083000.WAV,recover-20220801,UBNA_004,Carp Pond
182.5435,182.5588,23750.0,30303.0,Echolocation,Nyctalus leisleri,0.31,0.6,-1,/mnt/ubna_data_01/recover-20220801/UBNA_004/20220730_083000.WAV,recover-20220801,UBNA_004,Carp Pond
182.7855,182.8005,22890.0,28383.0,Echolocation,Nyctalus leisleri,0.28,0.56,-1,/mnt/ubna_data_01/recover-20220801/UBNA_004/20220730_083000.WAV,recover-20220801,UBNA_004,Carp Pond
184.0635,184.0804,22890.0,28581.0,Echolocation,Nyctalus leisleri,0.286,0.512,-1,/mnt/ubna_data_01/recover-20220801/UBNA_004/20220730_083000.WAV,recover-20220801,UBNA_004,Carp Pond
184.3455,184.3614,23750.0,28781.0,Echolocation,Nyctalus leisleri,0.382,0.569,-1,/mnt/ubna_data_01/recover-20220801/UBNA_004/20220730_083000.WAV,recover-20220801,UBNA_004,Carp Pond
184.6175,184.6341,23750.0,28422.0,Echolocation,Nyctalus leisleri,0.378,0.52,-1,/mnt/ubna_data_01/recover-20220801/UBNA_004/20220730_083000.WAV,recover-20220801,UBNA_004,Carp Pond
184.8835,184.8986,22890.0,28722.0,Echolocation,Nyctalus leisleri,0.241,0.504,-1,/mnt/ubna_data_01/recover-20220801/UBNA_004/20220730_083000.WAV,recover-20220801,UBNA_004,Carp Pond
185.1575,185.1731,23750.0,29594.0,Echolocation,Nyctalus leisleri,0.363,0.584,-1,/mnt/ubna_data_01/recover-20220801/UBNA_004/20220730_083000.WAV,recover-20220801,UBNA_004,Carp Pond
185.4245,185.4413,22890.0,27843.0,Echolocation,Nyctalus leisleri,0.346,0.53,-1,/mnt/ubna_data_01/recover-20220801/UBNA_004/20220730_083000.WAV,recover-20220801,UBNA_004,Carp Pond
185.6955,185.7118,23750.0,28422.0,Echolocation,Nyctalus leisleri,0.388,0.531,-1,/mnt/ubna_data_01/recover-20220801/UBNA_004/20220730_083000.WAV,recover-20220801,UBNA_004,Carp Pond
185.9625,185.9796,22890.0,28516.0,Echolocation,Nyctalus leisleri,0.321,0.507,-1,/mnt/ubna_data_01/recover-20220801/UBNA_004/20220730_083000.WAV,recover-20220801,UBNA_004,Carp Pond
187.4305,187.4397,25468.0,34196.0,Echolocation,Eptesicus serotinus,0.306,0.595,-1,/mnt/ubna_data_01/recover-20220801/UBNA_004/20220730_083000.WAV,recover-20220801,UBNA_004,Carp Pond
190.4545,190.4684,22890.0,29139.0,Echolocation,Nyctalus leisleri,0.418,0.634,-1,/mnt/ubna_data_01/recover-20220801/UBNA_004/20220730_083000.WAV,recover-20220801,UBNA_004,Carp Pond
199.98250000000002,199.9965,24609.0,30798.0,Echolocation,Nyctalus leisleri,0.252,0.509,-1,/mnt/ubna_data_01/recover-20220801/UBNA_004/20220730_083000.WAV,recover-20220801,UBNA_004,Carp Pond
207.5055,207.5174,25468.0,31489.0,Echolocation,Nyctalus leisleri,0.275,0.592,-1,/mnt/ubna_data_01/recover-20220801/UBNA_004/20220730_083000.WAV,recover-20220801,UBNA_004,Carp Pond
208.9295,208.9408,24609.0,30558.0,Echolocation,Nyctalus leisleri,0.425,0.657,-1,/mnt/ubna_data_01/recover-20220801/UBNA_004/20220730_083000.WAV,recover-20220801,UBNA_004,Carp Pond
209.5345,209.5471,25468.0,30348.0,Echolocation,Nyctalus leisleri,0.369,0.515,-1,/mnt/ubna_data_01/recover-20220801/UBNA_004/20220730_083000.WAV,recover-20220801,UBNA_004,Carp Pond
210.1095,210.1211,25468.0,31173.0,Echolocation,Nyctalus leisleri,0.313,0.527,-1,/mnt/ubna_data_01/recover-20220801/UBNA_004/20220730_083000.WAV,recover-20220801,UBNA_004,Carp Pond
221.2835,221.2967,25468.0,31068.0,Echolocation,Nyctalus leisleri,0.454,0.647,-1,/mnt/ubna_data_01/recover-20220801/UBNA_004/20220730_083000.WAV,recover-20220801,UBNA_004,Carp Pond
221.5635,221.5768,24609.0,30682.0,Echolocation,Nyctalus leisleri,0.371,0.61,-1,/mnt/ubna_data_01/recover-20220801/UBNA_004/20220730_083000.WAV,recover-20220801,UBNA_004,Carp Pond
221.8515,221.8654,25468.0,31130.0,Echolocation,Nyctalus leisleri,0.403,0.585,-1,/mnt/ubna_data_01/recover-20220801/UBNA_004/20220730_083000.WAV,recover-20220801,UBNA_004,Carp Pond
222.6985,222.7138,24609.0,29450.0,Echolocation,Nyctalus leisleri,0.355,0.527,-1,/mnt/ubna_data_01/recover-20220801/UBNA_004/20220730_083000.WAV,recover-20220801,UBNA_004,Carp Pond
226.7115,226.7264,25468.0,31577.0,Echolocation,Nyctalus leisleri,0.354,0.546,-1,/mnt/ubna_data_01/recover-20220801/UBNA_004/20220730_083000.WAV,recover-20220801,UBNA_004,Carp Pond
228.2485,228.2627,25468.0,33680.0,Echolocation,Nyctalus leisleri,0.288,0.605,-1,/mnt/ubna_data_01/recover-20220801/UBNA_004/20220730_083000.WAV,recover-20220801,UBNA_004,Carp Pond
230.9295,230.9436,24609.0,32921.0,Echolocation,Eptesicus serotinus,0.342,0.535,-1,/mnt/ubna_data_01/recover-20220801/UBNA_004/20220730_083000.WAV,recover-20220801,UBNA_004,Carp Pond
231.3985,231.4138,23750.0,28705.0,Echolocation,Nyctalus leisleri,0.425,0.539,-1,/mnt/ubna_data_01/recover-20220801/UBNA_004/20220730_083000.WAV,recover-20220801,UBNA_004,Carp Pond
232.2005,232.2177,23750.0,28729.0,Echolocation,Nyctalus leisleri,0.372,0.523,-1,/mnt/ubna_data_01/recover-20220801/UBNA_004/20220730_083000.WAV,recover-20220801,UBNA_004,Carp Pond
232.7375,232.7534,23750.0,29023.0,Echolocation,Nyctalus leisleri,0.379,0.528,-1,/mnt/ubna_data_01/recover-20220801/UBNA_004/20220730_083000.WAV,recover-20220801,UBNA_004,Carp Pond
233.1865,233.203,24609.0,27910.0,Echolocation,Nyctalus leisleri,0.478,0.575,-1,/mnt/ubna_data_01/recover-20220801/UBNA_004/20220730_083000.WAV,recover-20220801,UBNA_004,Carp Pond
233.7485,233.7603,26328.0,33028.0,Echolocation,Nyctalus leisleri,0.413,0.611,-1,/mnt/ubna_data_01/recover-20220801/UBNA_004/20220730_083000.WAV,recover-20220801,UBNA_004,Carp Pond
233.8885,233.9015,26328.0,34488.0,Echolocation,Eptesicus serotinus,0.302,0.595,-1,/mnt/ubna_data_01/recover-20220801/UBNA_004/20220730_083000.WAV,recover-20220801,UBNA_004,Carp Pond
234.0155,234.027,27187.0,35685.0,Echolocation,Eptesicus serotinus,0.303,0.626,-1,/mnt/ubna_data_01/recover-20220801/UBNA_004/20220730_083000.WAV,recover-20220801,UBNA_004,Carp Pond
234.1305,234.1435,27187.0,33973.0,Echolocation,Eptesicus serotinus,0.3,0.547,-1,/mnt/ubna_data_01/recover-20220801/UBNA_004/20220730_083000.WAV,recover-20220801,UBNA_004,Carp Pond
235.0845,235.0976,26328.0,35710.0,Echolocation,Eptesicus serotinus,0.357,0.543,-1,/mnt/ubna_data_01/recover-20220801/UBNA_004/20220730_083000.WAV,recover-20220801,UBNA_004,Carp Pond
242.2305,242.2472,23750.0,28330.0,Echolocation,Nyctalus leisleri,0.394,0.503,-1,/mnt/ubna_data_01/recover-20220801/UBNA_004/20220730_083000.WAV,recover-20220801,UBNA_004,Carp Pond
243.5105,243.5298,23750.0,28061.0,Echolocation,Nyctalus leisleri,0.414,0.51,-1,/mnt/ubna_data_01/recover-20220801/UBNA_004/20220730_083000.WAV,recover-20220801,UBNA_004,Carp Pond
244.2985,244.3173,28046.0,32402.0,Echolocation,Nyctalus leisleri,0.403,0.555,-1,/mnt/ubna_data_01/recover-20220801/UBNA_004/20220730_083000.WAV,recover-20220801,UBNA_004,Carp Pond
244.8325,244.8522,23750.0,28221.0,Echolocation,Nyctalus leisleri,0.373,0.506,-1,/mnt/ubna_data_01/recover-20220801/UBNA_004/20220730_083000.WAV,recover-20220801,UBNA_004,Carp Pond
245.3545,245.3702,24609.0,29099.0,Echolocation,Nyctalus leisleri,0.45,0.562,-1,/mnt/ubna_data_01/recover-20220801/UBNA_004/20220730_083000.WAV,recover-20220801,UBNA_004,Carp Pond
245.4565,245.4728,24609.0,28019.0,Echolocation,Nyctalus leisleri,0.436,0.537,-1,/mnt/ubna_data_01/recover-20220801/UBNA_004/20220730_083000.WAV,recover-20220801,UBNA_004,Carp Pond
245.7155,245.73160000000001,24609.0,28763.0,Echolocation,Nyctalus leisleri,0.436,0.591,-1,/mnt/ubna_data_01/recover-20220801/UBNA_004/20220730_083000.WAV,recover-20220801,UBNA_004,Carp Pond
248.3875,248.403,25468.0,29629.0,Echolocation,Nyctalus leisleri,0.359,0.503,-1,/mnt/ubna_data_01/recover-20220801/UBNA_004/20220730_083000.WAV,recover-20220801,UBNA_004,Carp Pond
266.5545,266.5672,25468.0,34312.0,Echolocation,Eptesicus serotinus,0.352,0.615,-1,/mnt/ubna_data_01/recover-20220801/UBNA_004/20220730_083000.WAV,recover-20220801,UBNA_004,Carp Pond
267.6265,267.6402,25468.0,33213.0,Echolocation,Nyctalus leisleri,0.301,0.636,-1,/mnt/ubna_data_01/recover-20220801/UBNA_004/20220730_083000.WAV,recover-20220801,UBNA_004,Carp Pond
267.7775,267.7922,26328.0,32945.0,Echolocation,Nyctalus leisleri,0.312,0.523,-1,/mnt/ubna_data_01/recover-20220801/UBNA_004/20220730_083000.WAV,recover-20220801,UBNA_004,Carp Pond
268.6215,268.6359,26328.0,34274.0,Echolocation,Eptesicus serotinus,0.285,0.55,-1,/mnt/ubna_data_01/recover-20220801/UBNA_004/20220730_083000.WAV,recover-20220801,UBNA_004,Carp Pond
268.9185,268.9326,26328.0,34363.0,Echolocation,Eptesicus serotinus,0.269,0.556,-1,/mnt/ubna_data_01/recover-20220801/UBNA_004/20220730_083000.WAV,recover-20220801,UBNA_004,Carp Pond
269.3675,269.3818,26328.0,34686.0,Echolocation,Eptesicus serotinus,0.297,0.579,-1,/mnt/ubna_data_01/recover-20220801/UBNA_004/20220730_083000.WAV,recover-20220801,UBNA_004,Carp Pond
270.7815,270.7972,24609.0,29129.0,Echolocation,Nyctalus leisleri,0.37,0.518,-1,/mnt/ubna_data_01/recover-20220801/UBNA_004/20220730_083000.WAV,recover-20220801,UBNA_004,Carp Pond
272.9565,272.9676,17734.0,26473.0,Echolocation,Eptesicus serotinus,0.285,0.576,-1,/mnt/ubna_data_01/recover-20220801/UBNA_004/20220730_083000.WAV,recover-20220801,UBNA_004,Carp Pond
302.2635,302.2773,25468.0,31623.0,Echolocation,Nyctalus leisleri,0.287,0.573,-1,/mnt/ubna_data_01/recover-20220801/UBNA_004/20220730_083000.WAV,recover-20220801,UBNA_004,Carp Pond
304.0525,304.069,23750.0,31102.0,Echolocation,Eptesicus serotinus,0.245,0.536,-1,/mnt/ubna_data_01/recover-20220801/UBNA_004/20220730_083000.WAV,recover-20220801,UBNA_004,Carp Pond
305.0955,305.1107,23750.0,28662.0,Echolocation,Nyctalus leisleri,0.482,0.58,-1,/mnt/ubna_data_01/recover-20220801/UBNA_004/20220730_083000.WAV,recover-20220801,UBNA_004,Carp Pond
305.9105,305.9283,23750.0,28794.0,Echolocation,Nyctalus leisleri,0.334,0.528,-1,/mnt/ubna_data_01/recover-20220801/UBNA_004/20220730_083000.WAV,recover-20220801,UBNA_004,Carp Pond
383.5245,383.5377,25468.0,30825.0,Echolocation,Nyctalus leisleri,0.331,0.611,-1,/mnt/ubna_data_01/recover-20220801/UBNA_004/20220730_083000.WAV,recover-20220801,UBNA_004,Carp Pond
383.8345,383.8469,25468.0,30926.0,Echolocation,Nyctalus leisleri,0.354,0.604,-1,/mnt/ubna_data_01/recover-20220801/UBNA_004/20220730_083000.WAV,recover-20220801,UBNA_004,Carp Pond
384.4295,384.4422,25468.0,31897.0,Echolocation,Nyctalus leisleri,0.347,0.643,-1,/mnt/ubna_data_01/recover-20220801/UBNA_004/20220730_083000.WAV,recover-20220801,UBNA_004,Carp Pond
384.7165,384.73,24609.0,30202.0,Echolocation,Nyctalus leisleri,0.295,0.584,-1,/mnt/ubna_data_01/recover-20220801/UBNA_004/20220730_083000.WAV,recover-20220801,UBNA_004,Carp Pond
386.9465,386.9611,24609.0,30909.0,Echolocation,Nyctalus leisleri,0.321,0.582,-1,/mnt/ubna_data_01/recover-20220801/UBNA_004/20220730_083000.WAV,recover-20220801,UBNA_004,Carp Pond
387.2405,387.2506,25468.0,31052.0,Echolocation,Nyctalus leisleri,0.41,0.535,-1,/mnt/ubna_data_01/recover-20220801/UBNA_004/20220730_083000.WAV,recover-20220801,UBNA_004,Carp Pond
387.4065,387.4182,25468.0,33035.0,Echolocation,Nyctalus leisleri,0.298,0.616,-1,/mnt/ubna_data_01/recover-20220801/UBNA_004/20220730_083000.WAV,recover-20220801,UBNA_004,Carp Pond
387.8715,387.8851,25468.0,29447.0,Echolocation,Nyctalus leisleri,0.468,0.61,-1,/mnt/ubna_data_01/recover-20220801/UBNA_004/20220730_083000.WAV,recover-20220801,UBNA_004,Carp Pond
388.1825,388.1974,24609.0,30903.0,Echolocation,Nyctalus leisleri,0.272,0.549,-1,/mnt/ubna_data_01/recover-20220801/UBNA_004/20220730_083000.WAV,recover-20220801,UBNA_004,Carp Pond
388.4865,388.4988,24609.0,29741.0,Echolocation,Nyctalus leisleri,0.352,0.527,-1,/mnt/ubna_data_01/recover-20220801/UBNA_004/20220730_083000.WAV,recover-20220801,UBNA_004,Carp Pond
388.6515,388.6628,25468.0,33711.0,Echolocation,Eptesicus serotinus,0.342,0.608,-1,/mnt/ubna_data_01/recover-20220801/UBNA_004/20220730_083000.WAV,recover-20220801,UBNA_004,Carp Pond
398.7815,398.7961,25468.0,30099.0,Echolocation,Nyctalus leisleri,0.434,0.556,-1,/mnt/ubna_data_01/recover-20220801/UBNA_004/20220730_083000.WAV,recover-20220801,UBNA_004,Carp Pond
399.2575,399.2731,25468.0,29197.0,Echolocation,Nyctalus leisleri,0.466,0.568,-1,/mnt/ubna_data_01/recover-20220801/UBNA_004/20220730_083000.WAV,recover-20220801,UBNA_004,Carp Pond
401.3445,401.3604,25468.0,30611.0,Echolocation,Nyctalus leisleri,0.388,0.556,-1,/mnt/ubna_data_01/recover-20220801/UBNA_004/20220730_083000.WAV,recover-20220801,UBNA_004,Carp Pond
404.0905,404.1041,25468.0,30716.0,Echolocation,Nyctalus leisleri,0.33,0.518,-1,/mnt/ubna_data_01/recover-20220801/UBNA_004/20220730_083000.WAV,recover-20220801,UBNA_004,Carp Pond
404.5565,404.5679,27187.0,35674.0,Echolocation,Eptesicus serotinus,0.327,0.595,-1,/mnt/ubna_data_01/recover-20220801/UBNA_004/20220730_083000.WAV,recover-20220801,UBNA_004,Carp Pond
404.7085,404.7192,27187.0,32874.0,Echolocation,Nyctalus leisleri,0.297,0.55,-1,/mnt/ubna_data_01/recover-20220801/UBNA_004/20220730_083000.WAV,recover-20220801,UBNA_004,Carp Pond
406.1375,406.1531,25468.0,29451.0,Echolocation,Nyctalus leisleri,0.366,0.537,-1,/mnt/ubna_data_01/recover-20220801/UBNA_004/20220730_083000.WAV,recover-20220801,UBNA_004,Carp Pond
406.4345,406.4485,25468.0,31306.0,Echolocation,Nyctalus leisleri,0.269,0.565,-1,/mnt/ubna_data_01/recover-20220801/UBNA_004/20220730_083000.WAV,recover-20220801,UBNA_004,Carp Pond
406.7635,406.7783,24609.0,29185.0,Echolocation,Nyctalus leisleri,0.389,0.564,-1,/mnt/ubna_data_01/recover-20220801/UBNA_004/20220730_083000.WAV,recover-20220801,UBNA_004,Carp Pond
407.4115,407.4256,24609.0,29169.0,Echolocation,Nyctalus leisleri,0.484,0.629,-1,/mnt/ubna_data_01/recover-20220801/UBNA_004/20220730_083000.WAV,recover-20220801,UBNA_004,Carp Pond
407.7375,407.7513,24609.0,29013.0,Echolocation,Nyctalus leisleri,0.451,0.645,-1,/mnt/ubna_data_01/recover-20220801/UBNA_004/20220730_083000.WAV,recover-20220801,UBNA_004,Carp Pond
408.3125,408.3309,23750.0,27958.0,Echolocation,Nyctalus leisleri,0.45,0.556,-1,/mnt/ubna_data_01/recover-20220801/UBNA_004/20220730_083000.WAV,recover-20220801,UBNA_004,Carp Pond
408.6105,408.6263,24609.0,28142.0,Echolocation,Nyctalus leisleri,0.549,0.637,-1,/mnt/ubna_data_01/recover-20220801/UBNA_004/20220730_083000.WAV,recover-20220801,UBNA_004,Carp Pond
409.2255,409.2437,23750.0,28153.0,Echolocation,Nyctalus leisleri,0.456,0.555,-1,/mnt/ubna_data_01/recover-20220801/UBNA_004/20220730_083000.WAV,recover-20220801,UBNA_004,Carp Pond
409.7185,409.7298,23750.0,29360.0,Echolocation,Nyctalus leisleri,0.314,0.578,-1,/mnt/ubna_data_01/recover-20220801/UBNA_004/20220730_083000.WAV,recover-20220801,UBNA_004,Carp Pond
410.3315,410.3456,24609.0,28495.0,Echolocation,Nyctalus leisleri,0.434,0.614,-1,/mnt/ubna_data_01/recover-20220801/UBNA_004/20220730_083000.WAV,recover-20220801,UBNA_004,Carp Pond
410.6555,410.671,24609.0,29456.0,Echolocation,Nyctalus leisleri,0.339,0.502,-1,/mnt/ubna_data_01/recover-20220801/UBNA_004/20220730_083000.WAV,recover-20220801,UBNA_004,Carp Pond
411.7845,411.794,27187.0,34136.0,Echolocation,Eptesicus serotinus,0.278,0.543,-1,/mnt/ubna_data_01/recover-20220801/UBNA_004/20220730_083000.WAV,recover-20220801,UBNA_004,Carp Pond
412.7905,412.8005,27187.0,33075.0,Echolocation,Nyctalus leisleri,0.3,0.563,-1,/mnt/ubna_data_01/recover-20220801/UBNA_004/20220730_083000.WAV,recover-20220801,UBNA_004,Carp Pond
412.9275,412.9398,27187.0,32837.0,Echolocation,Nyctalus leisleri,0.301,0.61,-1,/mnt/ubna_data_01/recover-20220801/UBNA_004/20220730_083000.WAV,recover-20220801,UBNA_004,Carp Pond
413.2145,413.2287,24609.0,29421.0,Echolocation,Nyctalus leisleri,0.365,0.528,-1,/mnt/ubna_data_01/recover-20220801/UBNA_004/20220730_083000.WAV,recover-20220801,UBNA_004,Carp Pond
413.8015,413.8156,24609.0,29316.0,Echolocation,Nyctalus leisleri,0.436,0.665,-1,/mnt/ubna_data_01/recover-20220801/UBNA_004/20220730_083000.WAV,recover-20220801,UBNA_004,Carp Pond
415.1895,415.2029,24609.0,27990.0,Echolocation,Nyctalus leisleri,0.462,0.592,-1,/mnt/ubna_data_01/recover-20220801/UBNA_004/20220730_083000.WAV,recover-20220801,UBNA_004,Carp Pond
418.4845,418.4984,25468.0,31063.0,Echolocation,Nyctalus leisleri,0.234,0.504,-1,/mnt/ubna_data_01/recover-20220801/UBNA_004/20220730_083000.WAV,recover-20220801,UBNA_004,Carp Pond
418.7565,418.7697,24609.0,31639.0,Echolocation,Nyctalus leisleri,0.311,0.636,-1,/mnt/ubna_data_01/recover-20220801/UBNA_004/20220730_083000.WAV,recover-20220801,UBNA_004,Carp Pond
419.7965,419.8101,25468.0,29783.0,Echolocation,Nyctalus leisleri,0.382,0.532,-1,/mnt/ubna_data_01/recover-20220801/UBNA_004/20220730_083000.WAV,recover-20220801,UBNA_004,Carp Pond
428.0675,428.0825,23750.0,29255.0,Echolocation,Nyctalus leisleri,0.353,0.549,-1,/mnt/ubna_data_01/recover-20220801/UBNA_004/20220730_083000.WAV,recover-20220801,UBNA_004,Carp Pond
451.8385,451.8568,23750.0,27678.0,Echolocation,Nyctalus leisleri,0.487,0.563,-1,/mnt/ubna_data_01/recover-20220801/UBNA_004/20220730_083000.WAV,recover-20220801,UBNA_004,Carp Pond
452.4835,452.5011,23750.0,27473.0,Echolocation,Nyctalus leisleri,0.45,0.516,-1,/mnt/ubna_data_01/recover-20220801/UBNA_004/20220730_083000.WAV,recover-20220801,UBNA_004,Carp Pond
453.0325,453.0509,23750.0,28425.0,Echolocation,Nyctalus leisleri,0.441,0.541,-1,/mnt/ubna_data_01/recover-20220801/UBNA_004/20220730_083000.WAV,recover-20220801,UBNA_004,Carp Pond
458.3165,458.3324,23750.0,29282.0,Echolocation,Nyctalus leisleri,0.384,0.585,-1,/mnt/ubna_data_01/recover-20220801/UBNA_004/20220730_083000.WAV,recover-20220801,UBNA_004,Carp Pond
458.7515,458.7675,23750.0,28795.0,Echolocation,Nyctalus leisleri,0.361,0.526,-1,/mnt/ubna_data_01/recover-20220801/UBNA_004/20220730_083000.WAV,recover-20220801,UBNA_004,Carp Pond
459.1765,459.191,24609.0,30581.0,Echolocation,Nyctalus leisleri,0.358,0.62,-1,/mnt/ubna_data_01/recover-20220801/UBNA_004/20220730_083000.WAV,recover-20220801,UBNA_004,Carp Pond
459.3705,459.3859,23750.0,29647.0,Echolocation,Nyctalus leisleri,0.357,0.563,-1,/mnt/ubna_data_01/recover-20220801/UBNA_004/20220730_083000.WAV,recover-20220801,UBNA_004,Carp Pond
459.5335,459.5457,25468.0,31606.0,Echolocation,Nyctalus leisleri,0.328,0.628,-1,/mnt/ubna_data_01/recover-20220801/UBNA_004/20220730_083000.WAV,recover-20220801,UBNA_004,Carp Pond
460.4335,460.4484,23750.0,29310.0,Echolocation,Nyctalus leisleri,0.286,0.527,-1,/mnt/ubna_data_01/recover-20220801/UBNA_004/20220730_083000.WAV,recover-20220801,UBNA_004,Carp Pond
461.4515,461.4651,23750.0,28881.0,Echolocation,Nyctalus leisleri,0.374,0.545,-1,/mnt/ubna_data_01/recover-20220801/UBNA_004/20220730_083000.WAV,recover-20220801,UBNA_004,Carp Pond
461.7425,461.7595,22890.0,27625.0,Echolocation,Nyctalus leisleri,0.421,0.564,-1,/mnt/ubna_data_01/recover-20220801/UBNA_004/20220730_083000.WAV,recover-20220801,UBNA_004,Carp Pond
466.1735,466.1895,22890.0,26863.0,Echolocation,Nyctalus leisleri,0.431,0.556,-1,/mnt/ubna_data_01/recover-20220801/UBNA_004/20220730_083000.WAV,recover-20220801,UBNA_004,Carp Pond
519.0435,519.0586,24609.0,27581.0,Echolocation,Nyctalus leisleri,0.455,0.559,-1,/mnt/ubna_data_01/recover-20220801/UBNA_004/20220730_083000.WAV,recover-20220801,UBNA_004,Carp Pond
524.3505,524.3658,24609.0,28325.0,Echolocation,Nyctalus leisleri,0.52,0.601,-1,/mnt/ubna_data_01/recover-20220801/UBNA_004/20220730_083000.WAV,recover-20220801,UBNA_004,Carp Pond
524.7365,524.7539,23750.0,27794.0,Echolocation,Nyctalus leisleri,0.466,0.553,-1,/mnt/ubna_data_01/recover-20220801/UBNA_004/20220730_083000.WAV,recover-20220801,UBNA_004,Carp Pond
525.1205,525.1358,24609.0,28777.0,Echolocation,Nyctalus leisleri,0.453,0.589,-1,/mnt/ubna_data_01/recover-20220801/UBNA_004/20220730_083000.WAV,recover-20220801,UBNA_004,Carp Pond
525.4995,525.5142,24609.0,27844.0,Echolocation,Nyctalus leisleri,0.527,0.625,-1,/mnt/ubna_data_01/recover-20220801/UBNA_004/20220730_083000.WAV,recover-20220801,UBNA_004,Carp Pond
525.7465,525.7634,24609.0,27932.0,Echolocation,Nyctalus leisleri,0.431,0.562,-1,/mnt/ubna_data_01/recover-20220801/UBNA_004/20220730_083000.WAV,recover-20220801,UBNA_004,Carp Pond
526.0075,526.0253,24609.0,27389.0,Echolocation,Nyctalus leisleri,0.561,0.636,-1,/mnt/ubna_data_01/recover-20220801/UBNA_004/20220730_083000.WAV,recover-20220801,UBNA_004,Carp Pond
526.2685,526.2834,24609.0,28324.0,Echolocation,Nyctalus leisleri,0.536,0.654,-1,/mnt/ubna_data_01/recover-20220801/UBNA_004/20220730_083000.WAV,recover-20220801,UBNA_004,Carp Pond
526.9165,526.9334,24609.0,28244.0,Echolocation,Nyctalus leisleri,0.436,0.55,-1,/mnt/ubna_data_01/recover-20220801/UBNA_004/20220730_083000.WAV,recover-20220801,UBNA_004,Carp Pond
527.3025,527.3186,23750.0,27998.0,Echolocation,Nyctalus leisleri,0.556,0.639,-1,/mnt/ubna_data_01/recover-20220801/UBNA_004/20220730_083000.WAV,recover-20220801,UBNA_004,Carp Pond
528.0735,528.0899,24609.0,27963.0,Echolocation,Nyctalus leisleri,0.568,0.632,-1,/mnt/ubna_data_01/recover-20220801/UBNA_004/20220730_083000.WAV,recover-20220801,UBNA_004,Carp Pond
528.3185,528.3373,24609.0,27591.0,Echolocation,Nyctalus leisleri,0.438,0.543,-1,/mnt/ubna_data_01/recover-20220801/UBNA_004/20220730_083000.WAV,recover-20220801,UBNA_004,Carp Pond
528.8015,528.818,24609.0,27115.0,Echolocation,Nyctalus leisleri,0.476,0.553,-1,/mnt/ubna_data_01/recover-20220801/UBNA_004/20220730_083000.WAV,recover-20220801,UBNA_004,Carp Pond
529.0795,529.0997,24609.0,27862.0,Echolocation,Nyctalus leisleri,0.472,0.551,-1,/mnt/ubna_data_01/recover-20220801/UBNA_004/20220730_083000.WAV,recover-20220801,UBNA_004,Carp Pond
529.4935,529.508,25468.0,32451.0,Echolocation,Nyctalus leisleri,0.306,0.579,-1,/mnt/ubna_data_01/recover-20220801/UBNA_004/20220730_083000.WAV,recover-20220801,UBNA_004,Carp Pond
529.6845,529.6999,25468.0,33978.0,Echolocation,Eptesicus serotinus,0.32,0.588,-1,/mnt/ubna_data_01/recover-20220801/UBNA_004/20220730_083000.WAV,recover-20220801,UBNA_004,Carp Pond
529.8905,529.9036,26328.0,33703.0,Echolocation,Nyctalus leisleri,0.305,0.597,-1,/mnt/ubna_data_01/recover-20220801/UBNA_004/20220730_083000.WAV,recover-20220801,UBNA_004,Carp Pond
530.0135,530.0238,27187.0,35039.0,Echolocation,Nyctalus leisleri,0.338,0.67,-1,/mnt/ubna_data_01/recover-20220801/UBNA_004/20220730_083000.WAV,recover-20220801,UBNA_004,Carp Pond
530.1365,530.146,27187.0,34722.0,Echolocation,Nyctalus leisleri,0.388,0.659,-1,/mnt/ubna_data_01/recover-20220801/UBNA_004/20220730_083000.WAV,recover-20220801,UBNA_004,Carp Pond
531.3585,531.3743,24609.0,28213.0,Echolocation,Nyctalus leisleri,0.431,0.518,-1,/mnt/ubna_data_01/recover-20220801/UBNA_004/20220730_083000.WAV,recover-20220801,UBNA_004,Carp Pond
531.7125,531.7306,23750.0,27633.0,Echolocation,Nyctalus leisleri,0.519,0.573,-1,/mnt/ubna_data_01/recover-20220801/UBNA_004/20220730_083000.WAV,recover-20220801,UBNA_004,Carp Pond
533.2625,533.2806,24609.0,26859.0,Echolocation,Nyctalus leisleri,0.58,0.62,-1,/mnt/ubna_data_01/recover-20220801/UBNA_004/20220730_083000.WAV,recover-20220801,UBNA_004,Carp Pond
533.9485,533.968,24609.0,27078.0,Echolocation,Nyctalus leisleri,0.506,0.595,-1,/mnt/ubna_data_01/recover-20220801/UBNA_004/20220730_083000.WAV,recover-20220801,UBNA_004,Carp Pond
534.4915,534.5065,24609.0,29341.0,Echolocation,Nyctalus leisleri,0.593,0.653,-1,/mnt/ubna_data_01/recover-20220801/UBNA_004/20220730_083000.WAV,recover-20220801,UBNA_004,Carp Pond
535.1715,535.1871,24609.0,28757.0,Echolocation,Nyctalus leisleri,0.572,0.637,-1,/mnt/ubna_data_01/recover-20220801/UBNA_004/20220730_083000.WAV,recover-20220801,UBNA_004,Carp Pond
535.5755,535.5918,23750.0,26638.0,Echolocation,Nyctalus leisleri,0.576,0.614,-1,/mnt/ubna_data_01/recover-20220801/UBNA_004/20220730_083000.WAV,recover-20220801,UBNA_004,Carp Pond
535.8475,535.8638,24609.0,28306.0,Echolocation,Nyctalus leisleri,0.529,0.62,-1,/mnt/ubna_data_01/recover-20220801/UBNA_004/20220730_083000.WAV,recover-20220801,UBNA_004,Carp Pond
536.4035,536.4216,24609.0,28678.0,Echolocation,Nyctalus leisleri,0.4,0.515,-1,/mnt/ubna_data_01/recover-20220801/UBNA_004/20220730_083000.WAV,recover-20220801,UBNA_004,Carp Pond
536.6755,536.6912,24609.0,28275.0,Echolocation,Nyctalus leisleri,0.4,0.505,-1,/mnt/ubna_data_01/recover-20220801/UBNA_004/20220730_083000.WAV,recover-20220801,UBNA_004,Carp Pond
537.0755,537.0924,23750.0,27950.0,Echolocation,Nyctalus leisleri,0.521,0.599,-1,/mnt/ubna_data_01/recover-20220801/UBNA_004/20220730_083000.WAV,recover-20220801,UBNA_004,Carp Pond
537.3525,537.368,25468.0,28911.0,Echolocation,Nyctalus leisleri,0.415,0.543,-1,/mnt/ubna_data_01/recover-20220801/UBNA_004/20220730_083000.WAV,recover-20220801,UBNA_004,Carp Pond
537.8925,537.9110000000001,23750.0,26515.0,Echolocation,Nyctalus leisleri,0.646,0.688,-1,/mnt/ubna_data_01/recover-20220801/UBNA_004/20220730_083000.WAV,recover-20220801,UBNA_004,Carp Pond
539.3765,539.397,23750.0,27550.0,Echolocation,Nyctalus leisleri,0.437,0.502,-1,/mnt/ubna_data_01/recover-20220801/UBNA_004/20220730_083000.WAV,recover-20220801,UBNA_004,Carp Pond
540.3395,540.3579,23750.0,27455.0,Echolocation,Nyctalus leisleri,0.512,0.579,-1,/mnt/ubna_data_01/recover-20220801/UBNA_004/20220730_083000.WAV,recover-20220801,UBNA_004,Carp Pond
548.6185,548.63,23750.0,28966.0,Echolocation,Nyctalus leisleri,0.372,0.513,-1,/mnt/ubna_data_01/recover-20220801/UBNA_004/20220730_083000.WAV,recover-20220801,UBNA_004,Carp Pond
583.6045,583.6206999999999,24609.0,28202.0,Echolocation,Nyctalus leisleri,0.445,0.536,-1,/mnt/ubna_data_01/recover-20220801/UBNA_004/20220730_083000.WAV,recover-20220801,UBNA_004,Carp Pond
583.8735,583.8902,24609.0,28321.0,Echolocation,Nyctalus leisleri,0.404,0.502,-1,/mnt/ubna_data_01/recover-20220801/UBNA_004/20220730_083000.WAV,recover-20220801,UBNA_004,Carp Pond
584.1325,584.1473,24609.0,29024.0,Echolocation,Nyctalus leisleri,0.433,0.578,-1,/mnt/ubna_data_01/recover-20220801/UBNA_004/20220730_083000.WAV,recover-20220801,UBNA_004,Carp Pond
586.1055,586.1236,24609.0,28337.0,Echolocation,Nyctalus leisleri,0.4,0.504,-1,/mnt/ubna_data_01/recover-20220801/UBNA_004/20220730_083000.WAV,recover-20220801,UBNA_004,Carp Pond
586.5235,586.5421,24609.0,29743.0,Echolocation,Nyctalus leisleri,0.33,0.515,-1,/mnt/ubna_data_01/recover-20220801/UBNA_004/20220730_083000.WAV,recover-20220801,UBNA_004,Carp Pond
586.7805,586.7963,24609.0,28418.0,Echolocation,Nyctalus leisleri,0.472,0.606,-1,/mnt/ubna_data_01/recover-20220801/UBNA_004/20220730_083000.WAV,recover-20220801,UBNA_004,Carp Pond
587.0385,587.0545,24609.0,28268.0,Echolocation,Nyctalus leisleri,0.427,0.57,-1,/mnt/ubna_data_01/recover-20220801/UBNA_004/20220730_083000.WAV,recover-20220801,UBNA_004,Carp Pond
587.3075,587.3229,24609.0,28956.0,Echolocation,Nyctalus leisleri,0.518,0.651,-1,/mnt/ubna_data_01/recover-20220801/UBNA_004/20220730_083000.WAV,recover-20220801,UBNA_004,Carp Pond
587.6965,587.7099,26328.0,34826.0,Echolocation,Eptesicus serotinus,0.308,0.529,-1,/mnt/ubna_data_01/recover-20220801/UBNA_004/20220730_083000.WAV,recover-20220801,UBNA_004,Carp Pond
588.0905,588.105,25468.0,29500.0,Echolocation,Nyctalus leisleri,0.527,0.618,-1,/mnt/ubna_data_01/recover-20220801/UBNA_004/20220730_083000.WAV,recover-20220801,UBNA_004,Carp Pond
588.3575,588.3742,24609.0,28369.0,Echolocation,Nyctalus leisleri,0.383,0.513,-1,/mnt/ubna_data_01/recover-20220801/UBNA_004/20220730_083000.WAV,recover-20220801,UBNA_004,Carp Pond
588.8885,588.9061,24609.0,29289.0,Echolocation,Nyctalus leisleri,0.382,0.525,-1,/mnt/ubna_data_01/recover-20220801/UBNA_004/20220730_083000.WAV,recover-20220801,UBNA_004,Carp Pond
589.1514999999999,589.1668,24609.0,28947.0,Echolocation,Nyctalus leisleri,0.402,0.535,-1,/mnt/ubna_data_01/recover-20220801/UBNA_004/20220730_083000.WAV,recover-20220801,UBNA_004,Carp Pond
589.4165,589.435,24609.0,28915.0,Echolocation,Nyctalus leisleri,0.367,0.54,-1,/mnt/ubna_data_01/recover-20220801/UBNA_004/20220730_083000.WAV,recover-20220801,UBNA_004,Carp Pond
589.9515,589.9684,24609.0,29148.0,Echolocation,Nyctalus leisleri,0.392,0.527,-1,/mnt/ubna_data_01/recover-20220801/UBNA_004/20220730_083000.WAV,recover-20220801,UBNA_004,Carp Pond
592.5185,592.5336,24609.0,29672.0,Echolocation,Nyctalus leisleri,0.488,0.629,-1,/mnt/ubna_data_01/recover-20220801/UBNA_004/20220730_083000.WAV,recover-20220801,UBNA_004,Carp Pond
592.6465,592.6574,28046.0,36764.0,Echolocation,Nyctalus leisleri,0.316,0.648,-1,/mnt/ubna_data_01/recover-20220801/UBNA_004/20220730_083000.WAV,recover-20220801,UBNA_004,Carp Pond
592.8535,592.8683,25468.0,34366.0,Echolocation,Eptesicus serotinus,0.323,0.574,-1,/mnt/ubna_data_01/recover-20220801/UBNA_004/20220730_083000.WAV,recover-20220801,UBNA_004,Carp Pond
593.0625,593.0789,25468.0,34355.0,Echolocation,Eptesicus serotinus,0.287,0.521,-1,/mnt/ubna_data_01/recover-20220801/UBNA_004/20220730_083000.WAV,recover-20220801,UBNA_004,Carp Pond
593.2945,593.31,25468.0,33774.0,Echolocation,Eptesicus serotinus,0.261,0.519,-1,/mnt/ubna_data_01/recover-20220801/UBNA_004/20220730_083000.WAV,recover-20220801,UBNA_004,Carp Pond
593.9405,593.9556,23750.0,32117.0,Echolocation,Eptesicus serotinus,0.299,0.617,-1,/mnt/ubna_data_01/recover-20220801/UBNA_004/20220730_083000.WAV,recover-20220801,UBNA_004,Carp Pond
594.2115,594.2273,24609.0,29293.0,Echolocation,Nyctalus leisleri,0.491,0.585,-1,/mnt/ubna_data_01/recover-20220801/UBNA_004/20220730_083000.WAV,recover-20220801,UBNA_004,Carp Pond
594.4785,594.4946,25468.0,34219.0,Echolocation,Eptesicus serotinus,0.303,0.597,-1,/mnt/ubna_data_01/recover-20220801/UBNA_004/20220730_083000.WAV,recover-20220801,UBNA_004,Carp Pond
595.1125,595.1306,24609.0,29046.0,Echolocation,Nyctalus leisleri,0.438,0.551,-1,/mnt/ubna_data_01/recover-20220801/UBNA_004/20220730_083000.WAV,recover-20220801,UBNA_004,Carp Pond
595.3645,595.3791,25468.0,31961.0,Echolocation,Nyctalus leisleri,0.386,0.62,-1,/mnt/ubna_data_01/recover-20220801/UBNA_004/20220730_083000.WAV,recover-20220801,UBNA_004,Carp Pond
595.6305,595.6474,24609.0,31742.0,Echolocation,Nyctalus leisleri,0.33,0.579,-1,/mnt/ubna_data_01/recover-20220801/UBNA_004/20220730_083000.WAV,recover-20220801,UBNA_004,Carp Pond
597.5685,597.5847,25468.0,34189.0,Echolocation,Eptesicus serotinus,0.277,0.508,-1,/mnt/ubna_data_01/recover-20220801/UBNA_004/20220730_083000.WAV,recover-20220801,UBNA_004,Carp Pond
598.1295,598.1465,24609.0,28553.0,Echolocation,Nyctalus leisleri,0.471,0.551,-1,/mnt/ubna_data_01/recover-20220801/UBNA_004/20220730_083000.WAV,recover-20220801,UBNA_004,Carp Pond
598.9515,598.9653,24609.0,30523.0,Echolocation,Nyctalus leisleri,0.546,0.626,-1,/mnt/ubna_data_01/recover-20220801/UBNA_004/20220730_083000.WAV,recover-20220801,UBNA_004,Carp Pond
599.1514999999999,599.1653,25468.0,33441.0,Echolocation,Nyctalus leisleri,0.287,0.581,-1,/mnt/ubna_data_01/recover-20220801/UBNA_004/20220730_083000.WAV,recover-20220801,UBNA_004,Carp Pond
599.3405,599.3537,25468.0,35122.0,Echolocation,Eptesicus serotinus,0.365,0.617,-1,/mnt/ubna_data_01/recover-20220801/UBNA_004/20220730_083000.WAV,recover-20220801,UBNA_004,Carp Pond
599.5455,599.558,26328.0,35556.0,Echolocation,Eptesicus serotinus,0.302,0.585,-1,/mnt/ubna_data_01/recover-20220801/UBNA_004/20220730_083000.WAV,recover-20220801,UBNA_004,Carp Pond
599.7385,599.7506,26328.0,35357.0,Echolocation,Eptesicus serotinus,0.303,0.671,-1,/mnt/ubna_data_01/recover-20220801/UBNA_004/20220730_083000.WAV,recover-20220801,UBNA_004,Carp Pond
599.9125,599.9258,26328.0,35026.0,Echolocation,Eptesicus serotinus,0.294,0.598,-1,/mnt/ubna_data_01/recover-20220801/UBNA_004/20220730_083000.WAV,recover-20220801,UBNA_004,Carp Pond
600.0695,600.0794,27187.0,36443.0,Echolocation,Eptesicus serotinus,0.29,0.577,-1,/mnt/ubna_data_01/recover-20220801/UBNA_004/20220730_083000.WAV,recover-20220801,UBNA_004,Carp Pond
618.1875,618.2021,23750.0,28543.0,Echolocation,Nyctalus leisleri,0.427,0.608,-1,/mnt/ubna_data_01/recover-20220801/UBNA_004/20220730_083000.WAV,recover-20220801,UBNA_004,Carp Pond
618.4595,618.4747,24609.0,28486.0,Echolocation,Nyctalus leisleri,0.462,0.611,-1,/mnt/ubna_data_01/recover-20220801/UBNA_004/20220730_083000.WAV,recover-20220801,UBNA_004,Carp Pond
618.7315,618.7455,24609.0,28238.0,Echolocation,Nyctalus leisleri,0.456,0.569,-1,/mnt/ubna_data_01/recover-20220801/UBNA_004/20220730_083000.WAV,recover-20220801,UBNA_004,Carp Pond
619.1255,619.1387,24609.0,29330.0,Echolocation,Nyctalus leisleri,0.383,0.575,-1,/mnt/ubna_data_01/recover-20220801/UBNA_004/20220730_083000.WAV,recover-20220801,UBNA_004,Carp Pond
619.3895,619.4025,24609.0,28929.0,Echolocation,Nyctalus leisleri,0.432,0.63,-1,/mnt/ubna_data_01/recover-20220801/UBNA_004/20220730_083000.WAV,recover-20220801,UBNA_004,Carp Pond
619.6605,619.6729,24609.0,29377.0,Echolocation,Nyctalus leisleri,0.452,0.685,-1,/mnt/ubna_data_01/recover-20220801/UBNA_004/20220730_083000.WAV,recover-20220801,UBNA_004,Carp Pond
619.9305,619.9434,25468.0,29163.0,Echolocation,Nyctalus leisleri,0.439,0.635,-1,/mnt/ubna_data_01/recover-20220801/UBNA_004/20220730_083000.WAV,recover-20220801,UBNA_004,Carp Pond
620.1915,620.2053,25468.0,28881.0,Echolocation,Nyctalus leisleri,0.39,0.576,-1,/mnt/ubna_data_01/recover-20220801/UBNA_004/20220730_083000.WAV,recover-20220801,UBNA_004,Carp Pond
620.4525,620.4673,24609.0,27805.0,Echolocation,Nyctalus leisleri,0.564,0.66,-1,/mnt/ubna_data_01/recover-20220801/UBNA_004/20220730_083000.WAV,recover-20220801,UBNA_004,Carp Pond
620.7275,620.7412,24609.0,28370.0,Echolocation,Nyctalus leisleri,0.532,0.67,-1,/mnt/ubna_data_01/recover-20220801/UBNA_004/20220730_083000.WAV,recover-20220801,UBNA_004,Carp Pond
621.1305,621.1432,25468.0,29291.0,Echolocation,Nyctalus leisleri,0.579,0.7,-1,/mnt/ubna_data_01/recover-20220801/UBNA_004/20220730_083000.WAV,recover-20220801,UBNA_004,Carp Pond
621.3875,621.4007,24609.0,29325.0,Echolocation,Nyctalus leisleri,0.398,0.653,-1,/mnt/ubna_data_01/recover-20220801/UBNA_004/20220730_083000.WAV,recover-20220801,UBNA_004,Carp Pond
621.6635,621.6771,24609.0,29110.0,Echolocation,Nyctalus leisleri,0.538,0.664,-1,/mnt/ubna_data_01/recover-20220801/UBNA_004/20220730_083000.WAV,recover-20220801,UBNA_004,Carp Pond
621.9445,621.9597,24609.0,29853.0,Echolocation,Nyctalus leisleri,0.356,0.592,-1,/mnt/ubna_data_01/recover-20220801/UBNA_004/20220730_083000.WAV,recover-20220801,UBNA_004,Carp Pond
622.3425,622.3588,24609.0,27860.0,Echolocation,Nyctalus leisleri,0.582,0.655,-1,/mnt/ubna_data_01/recover-20220801/UBNA_004/20220730_083000.WAV,recover-20220801,UBNA_004,Carp Pond
622.8865,622.9037,24609.0,29438.0,Echolocation,Nyctalus leisleri,0.35,0.555,-1,/mnt/ubna_data_01/recover-20220801/UBNA_004/20220730_083000.WAV,recover-20220801,UBNA_004,Carp Pond
623.2835,623.3015,24609.0,27893.0,Echolocation,Nyctalus leisleri,0.487,0.56,-1,/mnt/ubna_data_01/recover-20220801/UBNA_004/20220730_083000.WAV,recover-20220801,UBNA_004,Carp Pond
623.5425,623.5566,24609.0,28644.0,Echolocation,Nyctalus leisleri,0.516,0.593,-1,/mnt/ubna_data_01/recover-20220801/UBNA_004/20220730_083000.WAV,recover-20220801,UBNA_004,Carp Pond
625.5575,625.5738,24609.0,27548.0,Echolocation,Nyctalus leisleri,0.491,0.539,-1,/mnt/ubna_data_01/recover-20220801/UBNA_004/20220730_083000.WAV,recover-20220801,UBNA_004,Carp Pond
625.8185,625.8346,24609.0,28885.0,Echolocation,Nyctalus leisleri,0.492,0.622,-1,/mnt/ubna_data_01/recover-20220801/UBNA_004/20220730_083000.WAV,recover-20220801,UBNA_004,Carp Pond
626.0875,626.1045,24609.0,29969.0,Echolocation,Nyctalus leisleri,0.453,0.605,-1,/mnt/ubna_data_01/recover-20220801/UBNA_004/20220730_083000.WAV,recover-20220801,UBNA_004,Carp Pond
626.3485000000001,626.3643,25468.0,29351.0,Echolocation,Nyctalus leisleri,0.408,0.535,-1,/mnt/ubna_data_01/recover-20220801/UBNA_004/20220730_083000.WAV,recover-20220801,UBNA_004,Carp Pond
626.6115,626.6258,24609.0,31474.0,Echolocation,Nyctalus leisleri,0.466,0.646,-1,/mnt/ubna_data_01/recover-20220801/UBNA_004/20220730_083000.WAV,recover-20220801,UBNA_004,Carp Pond
627.1345,627.1518,25468.0,30825.0,Echolocation,Nyctalus leisleri,0.375,0.524,-1,/mnt/ubna_data_01/recover-20220801/UBNA_004/20220730_083000.WAV,recover-20220801,UBNA_004,Carp Pond
627.5205,627.5376,24609.0,29267.0,Echolocation,Nyctalus leisleri,0.425,0.537,-1,/mnt/ubna_data_01/recover-20220801/UBNA_004/20220730_083000.WAV,recover-20220801,UBNA_004,Carp Pond
627.7825,627.798,25468.0,29859.0,Echolocation,Nyctalus leisleri,0.582,0.654,-1,/mnt/ubna_data_01/recover-20220801/UBNA_004/20220730_083000.WAV,recover-20220801,UBNA_004,Carp Pond
628.0475,628.065,24609.0,29717.0,Echolocation,Nyctalus leisleri,0.419,0.511,-1,/mnt/ubna_data_01/recover-20220801/UBNA_004/20220730_083000.WAV,recover-20220801,UBNA_004,Carp Pond
629.1215,629.1384,25468.0,29997.0,Echolocation,Nyctalus leisleri,0.518,0.582,-1,/mnt/ubna_data_01/recover-20220801/UBNA_004/20220730_083000.WAV,recover-20220801,UBNA_004,Carp Pond
630.0615,630.0773,24609.0,29558.0,Echolocation,Nyctalus leisleri,0.444,0.579,-1,/mnt/ubna_data_01/recover-20220801/UBNA_004/20220730_083000.WAV,recover-20220801,UBNA_004,Carp Pond
630.9895,631.0043,24609.0,27500.0,Echolocation,Nyctalus leisleri,0.47,0.564,-1,/mnt/ubna_data_01/recover-20220801/UBNA_004/20220730_083000.WAV,recover-20220801,UBNA_004,Carp Pond
631.8115,631.8255,25468.0,30493.0,Echolocation,Nyctalus leisleri,0.369,0.529,-1,/mnt/ubna_data_01/recover-20220801/UBNA_004/20220730_083000.WAV,recover-20220801,UBNA_004,Carp Pond
770.6165,770.6378,22890.0,25013.0,Echolocation,Nyctalus leisleri,0.496,0.513,-1,/mnt/ubna_data_01/recover-20220801/UBNA_004/20220730_083000.WAV,recover-20220801,UBNA_004,Carp Pond
771.9205,771.9387,22890.0,26328.0,Echolocation,Nyctalus leisleri,0.484,0.557,-1,/mnt/ubna_data_01/recover-20220801/UBNA_004/20220730_083000.WAV,recover-20220801,UBNA_004,Carp Pond
939.8925,939.9069,22890.0,27237.0,Echolocation,Nyctalus leisleri,0.4,0.529,-1,/mnt/ubna_data_01/recover-20220801/UBNA_004/20220730_083000.WAV,recover-20220801,UBNA_004,Carp Pond
940.1775,940.1954,22890.0,27772.0,Echolocation,Nyctalus leisleri,0.37,0.53,-1,/mnt/ubna_data_01/recover-20220801/UBNA_004/20220730_083000.WAV,recover-20220801,UBNA_004,Carp Pond
940.4495,940.4682,22890.0,27392.0,Echolocation,Nyctalus leisleri,0.377,0.528,-1,/mnt/ubna_data_01/recover-20220801/UBNA_004/20220730_083000.WAV,recover-20220801,UBNA_004,Carp Pond
941.3015,941.3194,22890.0,28431.0,Echolocation,Nyctalus noctula,0.209,0.566,-1,/mnt/ubna_data_01/recover-20220801/UBNA_004/20220730_083000.WAV,recover-20220801,UBNA_004,Carp Pond
949.4625,949.4835,22031.0,25923.0,Echolocation,Nyctalus leisleri,0.467,0.526,-1,/mnt/ubna_data_01/recover-20220801/UBNA_004/20220730_083000.WAV,recover-20220801,UBNA_004,Carp Pond
950.1825,950.2016,22890.0,25843.0,Echolocation,Nyctalus leisleri,0.487,0.513,-1,/mnt/ubna_data_01/recover-20220801/UBNA_004/20220730_083000.WAV,recover-20220801,UBNA_004,Carp Pond
950.4715,950.4937,22031.0,25325.0,Echolocation,Nyctalus leisleri,0.631,0.648,-1,/mnt/ubna_data_01/recover-20220801/UBNA_004/20220730_083000.WAV,recover-20220801,UBNA_004,Carp Pond
950.7705,950.7906,22031.0,25132.0,Echolocation,Nyctalus leisleri,0.712,0.731,-1,/mnt/ubna_data_01/recover-20220801/UBNA_004/20220730_083000.WAV,recover-20220801,UBNA_004,Carp Pond
951.0635,951.0832,22031.0,25290.0,Echolocation,Nyctalus leisleri,0.763,0.775,-1,/mnt/ubna_data_01/recover-20220801/UBNA_004/20220730_083000.WAV,recover-20220801,UBNA_004,Carp Pond
951.4945,951.5133,22890.0,25441.0,Echolocation,Nyctalus leisleri,0.49,0.52,-1,/mnt/ubna_data_01/recover-20220801/UBNA_004/20220730_083000.WAV,recover-20220801,UBNA_004,Carp Pond
951.7825,951.8035,22031.0,24957.0,Echolocation,Nyctalus leisleri,0.701,0.718,-1,/mnt/ubna_data_01/recover-20220801/UBNA_004/20220730_083000.WAV,recover-20220801,UBNA_004,Carp Pond
953.6585,953.6774,22031.0,25790.0,Echolocation,Nyctalus leisleri,0.503,0.566,-1,/mnt/ubna_data_01/recover-20220801/UBNA_004/20220730_083000.WAV,recover-20220801,UBNA_004,Carp Pond
953.9425,953.9608,22031.0,26930.0,Echolocation,Nyctalus leisleri,0.484,0.582,-1,/mnt/ubna_data_01/recover-20220801/UBNA_004/20220730_083000.WAV,recover-20220801,UBNA_004,Carp Pond
954.3745,954.3921,22031.0,26567.0,Echolocation,Nyctalus leisleri,0.486,0.592,-1,/mnt/ubna_data_01/recover-20220801/UBNA_004/20220730_083000.WAV,recover-20220801,UBNA_004,Carp Pond
955.1085,955.1263,22031.0,25799.0,Echolocation,Nyctalus leisleri,0.535,0.587,-1,/mnt/ubna_data_01/recover-20220801/UBNA_004/20220730_083000.WAV,recover-20220801,UBNA_004,Carp Pond
955.8515,955.8687,22031.0,25975.0,Echolocation,Nyctalus leisleri,0.388,0.503,-1,/mnt/ubna_data_01/recover-20220801/UBNA_004/20220730_083000.WAV,recover-20220801,UBNA_004,Carp Pond
956.2795,956.2985,22031.0,25951.0,Echolocation,Nyctalus leisleri,0.53,0.58,-1,/mnt/ubna_data_01/recover-20220801/UBNA_004/20220730_083000.WAV,recover-20220801,UBNA_004,Carp Pond
956.5895,956.6062,22031.0,26246.0,Echolocation,Nyctalus leisleri,0.495,0.588,-1,/mnt/ubna_data_01/recover-20220801/UBNA_004/20220730_083000.WAV,recover-20220801,UBNA_004,Carp Pond
957.0125,957.0308,22031.0,25845.0,Echolocation,Nyctalus leisleri,0.39,0.532,-1,/mnt/ubna_data_01/recover-20220801/UBNA_004/20220730_083000.WAV,recover-20220801,UBNA_004,Carp Pond
957.7325,957.7506,22031.0,25847.0,Echolocation,Nyctalus leisleri,0.535,0.577,-1,/mnt/ubna_data_01/recover-20220801/UBNA_004/20220730_083000.WAV,recover-20220801,UBNA_004,Carp Pond
958.4625,958.4822,22031.0,25136.0,Echolocation,Nyctalus leisleri,0.605,0.631,-1,/mnt/ubna_data_01/recover-20220801/UBNA_004/20220730_083000.WAV,recover-20220801,UBNA_004,Carp Pond
959.2005,959.2177,22031.0,25826.0,Echolocation,Nyctalus leisleri,0.59,0.644,-1,/mnt/ubna_data_01/recover-20220801/UBNA_004/20220730_083000.WAV,recover-20220801,UBNA_004,Carp Pond
959.9285,959.9447,22031.0,25966.0,Echolocation,Nyctalus leisleri,0.513,0.59,-1,/mnt/ubna_data_01/recover-20220801/UBNA_004/20220730_083000.WAV,recover-20220801,UBNA_004,Carp Pond
960.7875,960.8038,22031.0,26620.0,Echolocation,Nyctalus leisleri,0.536,0.643,-1,/mnt/ubna_data_01/recover-20220801/UBNA_004/20220730_083000.WAV,recover-20220801,UBNA_004,Carp Pond
1217.1455,1217.1614,23750.0,27002.0,Echolocation,Nyctalus leisleri,0.464,0.521,-1,/mnt/ubna_data_01/recover-20220801/UBNA_004/20220730_083000.WAV,recover-20220801,UBNA_004,Carp Pond
1228.9085,1228.9246,24609.0,30283.0,Echolocation,Nyctalus leisleri,0.263,0.504,-1,/mnt/ubna_data_01/recover-20220801/UBNA_004/20220730_083000.WAV,recover-20220801,UBNA_004,Carp Pond
1230.6015,1230.6182,24609.0,29438.0,Echolocation,Nyctalus leisleri,0.314,0.559,-1,/mnt/ubna_data_01/recover-20220801/UBNA_004/20220730_083000.WAV,recover-20220801,UBNA_004,Carp Pond
1230.8655,1230.8811,24609.0,30306.0,Echolocation,Nyctalus leisleri,0.422,0.631,-1,/mnt/ubna_data_01/recover-20220801/UBNA_004/20220730_083000.WAV,recover-20220801,UBNA_004,Carp Pond
1237.2355,1237.2502,23750.0,30113.0,Echolocation,Nyctalus leisleri,0.421,0.556,-1,/mnt/ubna_data_01/recover-20220801/UBNA_004/20220730_083000.WAV,recover-20220801,UBNA_004,Carp Pond
1238.4635,1238.4796,24609.0,29807.0,Echolocation,Nyctalus leisleri,0.426,0.604,-1,/mnt/ubna_data_01/recover-20220801/UBNA_004/20220730_083000.WAV,recover-20220801,UBNA_004,Carp Pond
1239.0075,1239.0268,23750.0,29579.0,Echolocation,Nyctalus leisleri,0.25,0.513,-1,/mnt/ubna_data_01/recover-20220801/UBNA_004/20220730_083000.WAV,recover-20220801,UBNA_004,Carp Pond
1239.6745,1239.6892,23750.0,29087.0,Echolocation,Nyctalus leisleri,0.471,0.648,-1,/mnt/ubna_data_01/recover-20220801/UBNA_004/20220730_083000.WAV,recover-20220801,UBNA_004,Carp Pond
1242.2295,1242.2462,22890.0,27312.0,Echolocation,Nyctalus leisleri,0.496,0.604,-1,/mnt/ubna_data_01/recover-20220801/UBNA_004/20220730_083000.WAV,recover-20220801,UBNA_004,Carp Pond
1242.6195,1242.6359,22890.0,28107.0,Echolocation,Nyctalus leisleri,0.453,0.624,-1,/mnt/ubna_data_01/recover-20220801/UBNA_004/20220730_083000.WAV,recover-20220801,UBNA_004,Carp Pond
1243.4435,1243.4601,22890.0,27992.0,Echolocation,Nyctalus leisleri,0.377,0.515,-1,/mnt/ubna_data_01/recover-20220801/UBNA_004/20220730_083000.WAV,recover-20220801,UBNA_004,Carp Pond
1244.2575,1244.2735,23750.0,28613.0,Echolocation,Nyctalus leisleri,0.438,0.584,-1,/mnt/ubna_data_01/recover-20220801/UBNA_004/20220730_083000.WAV,recover-20220801,UBNA_004,Carp Pond
1245.1065,1245.1193,23750.0,30280.0,Echolocation,Eptesicus serotinus,0.255,0.505,-1,/mnt/ubna_data_01/recover-20220801/UBNA_004/20220730_083000.WAV,recover-20220801,UBNA_004,Carp Pond
1267.3595,1267.3694,38359.0,46993.0,Echolocation,Pipistrellus nathusii,0.426,0.512,-1,/mnt/ubna_data_01/recover-20220801/UBNA_004/20220730_083000.WAV,recover-20220801,UBNA_004,Carp Pond
1267.6435,1267.6526,37500.0,44312.0,Echolocation,Pipistrellus nathusii,0.49,0.535,-1,/mnt/ubna_data_01/recover-20220801/UBNA_004/20220730_083000.WAV,recover-20220801,UBNA_004,Carp Pond
1283.5465,1283.5546,38359.0,45668.0,Echolocation,Pipistrellus nathusii,0.501,0.576,-1,/mnt/ubna_data_01/recover-20220801/UBNA_004/20220730_083000.WAV,recover-20220801,UBNA_004,Carp Pond
1284.4515,1284.4597,38359.0,44940.0,Echolocation,Pipistrellus nathusii,0.453,0.534,-1,/mnt/ubna_data_01/recover-20220801/UBNA_004/20220730_083000.WAV,recover-20220801,UBNA_004,Carp Pond
1284.7655,1284.7732,37500.0,44211.0,Echolocation,Pipistrellus nathusii,0.577,0.637,-1,/mnt/ubna_data_01/recover-20220801/UBNA_004/20220730_083000.WAV,recover-20220801,UBNA_004,Carp Pond
1284.9675,1284.977,37500.0,46095.0,Echolocation,Pipistrellus nathusii,0.564,0.631,-1,/mnt/ubna_data_01/recover-20220801/UBNA_004/20220730_083000.WAV,recover-20220801,UBNA_004,Carp Pond
1494.1375,1494.1462,39218.0,45347.0,Echolocation,Pipistrellus nathusii,0.515,0.527,-1,/mnt/ubna_data_01/recover-20220801/UBNA_004/20220730_083000.WAV,recover-20220801,UBNA_004,Carp Pond
1494.2375,1494.2481,38359.0,47180.0,Echolocation,Pipistrellus nathusii,0.566,0.61,-1,/mnt/ubna_data_01/recover-20220801/UBNA_004/20220730_083000.WAV,recover-20220801,UBNA_004,Carp Pond
1494.3525,1494.3622,38359.0,44848.0,Echolocation,Pipistrellus nathusii,0.473,0.513,-1,/mnt/ubna_data_01/recover-20220801/UBNA_004/20220730_083000.WAV,recover-20220801,UBNA_004,Carp Pond
1495.1485,1495.1577,40078.0,46221.0,Echolocation,Pipistrellus nathusii,0.568,0.591,-1,/mnt/ubna_data_01/recover-20220801/UBNA_004/20220730_083000.WAV,recover-20220801,UBNA_004,Carp Pond
1495.4695,1495.4802,39218.0,47683.0,Echolocation,Pipistrellus nathusii,0.569,0.617,-1,/mnt/ubna_data_01/recover-20220801/UBNA_004/20220730_083000.WAV,recover-20220801,UBNA_004,Carp Pond
1495.6965,1495.706,40078.0,47233.0,Echolocation,Pipistrellus nathusii,0.549,0.642,-1,/mnt/ubna_data_01/recover-20220801/UBNA_004/20220730_083000.WAV,recover-20220801,UBNA_004,Carp Pond
1496.0385,1496.0462,40937.0,47444.0,Echolocation,Pipistrellus nathusii,0.455,0.525,-1,/mnt/ubna_data_01/recover-20220801/UBNA_004/20220730_083000.WAV,recover-20220801,UBNA_004,Carp Pond
1497.4845,1497.4933,40078.0,46137.0,Echolocation,Pipistrellus nathusii,0.504,0.536,-1,/mnt/ubna_data_01/recover-20220801/UBNA_004/20220730_083000.WAV,recover-20220801,UBNA_004,Carp Pond
1585.9555,1585.9744,23750.0,26917.0,Echolocation,Nyctalus leisleri,0.539,0.594,-1,/mnt/ubna_data_01/recover-20220801/UBNA_004/20220730_083000.WAV,recover-20220801,UBNA_004,Carp Pond
1586.8705,1586.8876,23750.0,27470.0,Echolocation,Nyctalus leisleri,0.493,0.544,-1,/mnt/ubna_data_01/recover-20220801/UBNA_004/20220730_083000.WAV,recover-20220801,UBNA_004,Carp Pond
1630.6605,1630.6682,40078.0,45903.0,Echolocation,Pipistrellus nathusii,0.462,0.517,-1,/mnt/ubna_data_01/recover-20220801/UBNA_004/20220730_083000.WAV,recover-20220801,UBNA_004,Carp Pond
1761.8285,1761.8434,25468.0,29423.0,Echolocation,Nyctalus leisleri,0.391,0.508,-1,/mnt/ubna_data_01/recover-20220801/UBNA_004/20220730_083000.WAV,recover-20220801,UBNA_004,Carp Pond
1762.0835,1762.1005,25468.0,29258.0,Echolocation,Nyctalus leisleri,0.447,0.505,-1,/mnt/ubna_data_01/recover-20220801/UBNA_004/20220730_083000.WAV,recover-20220801,UBNA_004,Carp Pond
1762.3425,1762.3593,25468.0,30509.0,Echolocation,Nyctalus leisleri,0.389,0.517,-1,/mnt/ubna_data_01/recover-20220801/UBNA_004/20220730_083000.WAV,recover-20220801,UBNA_004,Carp Pond
1763.2185,1763.235,25468.0,29330.0,Echolocation,Nyctalus leisleri,0.486,0.589,-1,/mnt/ubna_data_01/recover-20220801/UBNA_004/20220730_083000.WAV,recover-20220801,UBNA_004,Carp Pond
1763.6055,1763.6193,25468.0,29683.0,Echolocation,Nyctalus leisleri,0.556,0.682,-1,/mnt/ubna_data_01/recover-20220801/UBNA_004/20220730_083000.WAV,recover-20220801,UBNA_004,Carp Pond
1764.1135,1764.1282,25468.0,28245.0,Echolocation,Nyctalus leisleri,0.684,0.743,-1,/mnt/ubna_data_01/recover-20220801/UBNA_004/20220730_083000.WAV,recover-20220801,UBNA_004,Carp Pond
1764.3785,1764.3934,25468.0,30144.0,Echolocation,Nyctalus leisleri,0.545,0.633,-1,/mnt/ubna_data_01/recover-20220801/UBNA_004/20220730_083000.WAV,recover-20220801,UBNA_004,Carp Pond
1764.7405,1764.7569,24609.0,27439.0,Echolocation,Nyctalus leisleri,0.52,0.582,-1,/mnt/ubna_data_01/recover-20220801/UBNA_004/20220730_083000.WAV,recover-20220801,UBNA_004,Carp Pond
1765.1115,1765.129,24609.0,27193.0,Echolocation,Nyctalus leisleri,0.568,0.628,-1,/mnt/ubna_data_01/recover-20220801/UBNA_004/20220730_083000.WAV,recover-20220801,UBNA_004,Carp Pond
1765.4765,1765.4965,24609.0,27349.0,Echolocation,Nyctalus leisleri,0.436,0.545,-1,/mnt/ubna_data_01/recover-20220801/UBNA_004/20220730_083000.WAV,recover-20220801,UBNA_004,Carp Pond
1766.4905,1766.5086000000001,24609.0,27102.0,Echolocation,Nyctalus leisleri,0.518,0.641,-1,/mnt/ubna_data_01/recover-20220801/UBNA_004/20220730_083000.WAV,recover-20220801,UBNA_004,Carp Pond
1766.6065,1766.6199,25468.0,33408.0,Echolocation,Nyctalus leisleri,0.224,0.5,-1,/mnt/ubna_data_01/recover-20220801/UBNA_004/20220730_083000.WAV,recover-20220801,UBNA_004,Carp Pond
1766.6995,1766.7118,25468.0,36200.0,Echolocation,Eptesicus serotinus,0.309,0.612,-1,/mnt/ubna_data_01/recover-20220801/UBNA_004/20220730_083000.WAV,recover-20220801,UBNA_004,Carp Pond
1766.7665,1766.7767,25468.0,32367.0,Echolocation,Nyctalus leisleri,0.482,0.645,-1,/mnt/ubna_data_01/recover-20220801/UBNA_004/20220730_083000.WAV,recover-20220801,UBNA_004,Carp Pond
1766.8365,1766.845,24609.0,33691.0,Echolocation,Eptesicus serotinus,0.291,0.532,-1,/mnt/ubna_data_01/recover-20220801/UBNA_004/20220730_083000.WAV,recover-20220801,UBNA_004,Carp Pond
1766.9125,1766.9172,22031.0,34174.0,Echolocation,Plecotus auritus,0.324,0.509,-1,/mnt/ubna_data_01/recover-20220801/UBNA_004/20220730_083000.WAV,recover-20220801,UBNA_004,Carp Pond
1767.4155,1767.4266,25468.0,37162.0,Echolocation,Nyctalus leisleri,0.457,0.643,-1,/mnt/ubna_data_01/recover-20220801/UBNA_004/20220730_083000.WAV,recover-20220801,UBNA_004,Carp Pond
1767.9065,1767.9233,24609.0,27650.0,Echolocation,Nyctalus leisleri,0.546,0.61,-1,/mnt/ubna_data_01/recover-20220801/UBNA_004/20220730_083000.WAV,recover-20220801,UBNA_004,Carp Pond
1768.4105,1768.4266,24609.0,26973.0,Echolocation,Nyctalus leisleri,0.553,0.612,-1,/mnt/ubna_data_01/recover-20220801/UBNA_004/20220730_083000.WAV,recover-20220801,UBNA_004,Carp Pond
1768.9135,1768.9303,24609.0,26787.0,Echolocation,Nyctalus leisleri,0.678,0.711,-1,/mnt/ubna_data_01/recover-20220801/UBNA_004/20220730_083000.WAV,recover-20220801,UBNA_004,Carp Pond
1769.2985,1769.3152,24609.0,27994.0,Echolocation,Nyctalus leisleri,0.477,0.558,-1,/mnt/ubna_data_01/recover-20220801/UBNA_004/20220730_083000.WAV,recover-20220801,UBNA_004,Carp Pond
1769.8125,1769.8267,24609.0,28476.0,Echolocation,Nyctalus leisleri,0.628,0.669,-1,/mnt/ubna_data_01/recover-20220801/UBNA_004/20220730_083000.WAV,recover-20220801,UBNA_004,Carp Pond
1770.2115,1770.2294,23750.0,27501.0,Echolocation,Nyctalus leisleri,0.545,0.61,-1,/mnt/ubna_data_01/recover-20220801/UBNA_004/20220730_083000.WAV,recover-20220801,UBNA_004,Carp Pond
1770.7445,1770.7651,24609.0,27261.0,Echolocation,Nyctalus leisleri,0.448,0.506,-1,/mnt/ubna_data_01/recover-20220801/UBNA_004/20220730_083000.WAV,recover-20220801,UBNA_004,Carp Pond
1771.5285,1771.5435,24609.0,27623.0,Echolocation,Nyctalus leisleri,0.555,0.627,-1,/mnt/ubna_data_01/recover-20220801/UBNA_004/20220730_083000.WAV,recover-20220801,UBNA_004,Carp Pond
1772.2775,1772.2906,25468.0,30170.0,Echolocation,Nyctalus leisleri,0.334,0.516,-1,/mnt/ubna_data_01/recover-20220801/UBNA_004/20220730_083000.WAV,recover-20220801,UBNA_004,Carp Pond
1773.3035,1773.3155,25468.0,30401.0,Echolocation,Nyctalus leisleri,0.375,0.562,-1,/mnt/ubna_data_01/recover-20220801/UBNA_004/20220730_083000.WAV,recover-20220801,UBNA_004,Carp Pond
